scan_index,step,angle_deg,distance_cm,diff
0,25,2.2,0.5893240093240092,
0,50,4.39,0.5968083916083916,0.0
0,75,6.59,0.6070309246309247,0.0
0,100,8.79,0.6199916083916085,0.0
0,125,10.99,0.635690442890443,1.1999999999999993
0,150,13.18,0.6541274281274301,0.9100000000000001
0,175,15.38,0.6817768453768475,3.860000000000001
0,200,17.58,0.709810101010103,2.66
0,225,19.78,0.7298424242424264,1.7800000000000011
0,250,21.97,0.7433827505827527,3.8500000000000014
0,275,24.17,0.7548195804195827,0.8900000000000006
0,300,26.37,0.7752111888111912,0.8900000000000006
0,325,28.56,0.807009945609948,
0,350,30.76,0.8424128636795328,
0,375,32.96,0.8745749978416671,
0,400,35.16,0.9134202883536244,
0,425,37.35,0.9475001467668162,
0,450,39.55,0.9705786929120291,
0,475,41.75,0.978392972459642,
0,500,43.95,0.9772953811620506,
0,525,46.14,0.9705445739445767,
0,550,48.34,0.9627026677026705,
0,575,50.54,0.9588888888888917,
0,600,52.73,0.9553703703703732,
0,625,54.93,0.9518518518518547,
0,650,57.13,0.9483333333333361,
0,675,59.33,0.9448148148148175,
0,700,61.52,0.9412962962962991,
0,725,63.72,0.9377777777777806,
0,750,65.92,0.9342592592592621,
0,775,68.12,0.9343056203056231,
0,800,70.31,0.9334607614607642,
0,825,72.51,0.9282588275921635,
0,850,74.71,0.9124759561426254,
0,875,76.9,0.8892002072002099,
0,900,79.1,0.8617204523871216,
0,925,81.3,0.833938851272187,
0,950,83.5,0.8081111111111134,
0,975,85.69,0.786604062604065,0.019999999999999574
0,1000,87.89,0.7718956598956623,0.0
0,1025,90.09,0.7665749805749829,0.0
0,1050,92.29,0.7643310023310046,
0,1075,94.48,0.7608431568431591,
0,1100,96.68,0.7483043623043645,
0,1125,98.88,0.7408684648684669,
0,1150,101.07,0.7402697302697324,
0,1175,103.27,0.742857808857811,
0,1200,105.47,0.7473257853257874,
0,1225,107.67,0.7544912864912887,0.870000000000001
0,1250,109.86,0.764685092685095,0.0
0,1275,112.06,0.7726773226773249,2.960000000000001
0,1300,114.26,0.763812631812634,2.67
0,1325,116.46,0.7401562881562903,1.7700000000000014
0,1350,118.65,0.7037855477855499,2.950000000000001
0,1375,120.85,0.6721227661227682,0.8900000000000006
0,1400,123.05,0.6446480186480205,2.09
0,1425,125.24,0.6193457653457674,0.0
0,1450,127.44,0.6045641025641044,0.009999999999999787
0,1475,129.64,0.6030691530691549,2.66
0,1500,131.84,0.6019456099456116,2.3499999999999996
0,1525,134.03,0.6186013986014005,0.009999999999999787
0,1550,136.23,0.6437371909136634,2.0699999999999985
0,1575,138.43,0.6687216966040516,1.7799999999999994
0,1600,140.63,0.6909260021024747,0.0
0,1625,142.82,0.7119306184012087,2.960000000000001
0,1650,145.02,0.7277347227935483,0.8900000000000006
0,1675,147.22,0.7360708441884933,0.8900000000000006
0,1700,149.41,0.7386301933360778,
0,1725,151.61,0.7320121577768658,
0,1750,153.81,0.7143816444992936,
0,1775,156.01,0.713175373645964,
0,1800,158.2,0.7181927876045544,
0,1825,160.4,0.7182352941176492,
0,1850,162.6,0.7182745098039237,
0,1875,164.79,0.7183137254901981,
0,1900,166.99,0.7183529411764726,
0,1925,169.19,0.7183921568627472,
0,1950,171.39,0.7184313725490218,
0,1975,173.58,0.7184705882352963,
0,2000,175.78,0.7185098039215707,
0,2025,177.98,0.7185490196078452,
0,2050,180.18,0.7185882352941196,
0,2075,182.37,0.7186274509803942,
0,2100,184.57,0.7186666666666689,
0,2125,186.77,0.7187058823529433,
0,2150,188.96,0.7187450980392178,
0,2175,191.16,0.7187843137254923,
0,2200,193.36,0.7188235294117667,
0,2225,195.56,0.7188627450980413,
0,2250,197.75,0.7189019607843158,
0,2275,199.95,0.7189411764705903,
0,2300,202.15,0.7189803921568649,
0,2325,204.35,0.7190196078431393,
0,2350,206.54,0.7190588235294139,
0,2375,208.74,0.7190980392156884,
0,2400,210.94,0.7191372549019628,
0,2425,213.13,0.7191797614150577,
0,2450,215.33,0.7259347319347341,
0,2475,217.53,0.7242940719411329,
0,2500,219.73,0.7127636546460097,
0,2525,221.92,0.6958922254216392,
0,2550,224.12,0.6855627770921908,1.7600000000000016
0,2575,226.32,0.6813561862973647,2.960000000000001
0,2600,228.52,0.6894556423968209,0.019999999999999574
0,2625,230.71,0.6945907034142349,1.7799999999999994
0,2650,232.91,0.6981787101787122,1.1600000000000001
0,2675,235.11,0.7015260295260316,0.870000000000001
0,2700,237.3,0.7080295260295283,0.6199999999999992
0,2725,239.5,0.7015571095571116,2.6899999999999995
0,2750,241.7,0.6812696192696213,0.8900000000000006
0,2775,243.9,0.649982905982908,0.019999999999999574
0,2800,246.09,0.6317389277389296,0.3100000000000005
0,2825,248.29,0.6283263403263423,0.3100000000000005
0,2850,250.49,0.6403838383838403,0.9100000000000001
0,2875,252.69,0.645055167055169,0.0
0,2900,254.88,0.6427101787101807,2.09
0,2925,257.08,0.6489355089355109,0.9100000000000001
0,2950,259.28,0.6626309246309267,0.2900000000000009
0,2975,261.47,0.666983682983685,0.8900000000000006
0,3000,263.67,0.6704164724164744,0.0
0,3025,265.87,0.6877187257187277,2.09
0,3050,268.07,0.7310489510489532,0.8900000000000006
0,3075,270.26,0.787533799533802,0.019999999999999574
0,3100,272.46,0.842475524475527,
0,3125,274.66,0.8771219891219917,
0,3150,276.86,0.8890675990676017,
0,3175,279.05,0.8834219114219141,
0,3200,281.25,0.8758803418803446,
0,3225,283.45,0.861463869463872,
0,3250,285.64,0.8608966588966614,
0,3275,287.84,0.8788888888888915,0.8900000000000006
0,3300,290.04,0.9064553224553252,2.16
0,3325,292.24,0.9338974358974388,
0,3350,294.43,0.9533908313908341,
0,3375,296.63,0.9582439782439811,
0,3400,298.83,0.9495850815850844,
0,3425,301.03,0.9290893550893579,
0,3450,303.22,0.9216239316239343,
0,3475,305.42,0.917258741258744,0.009999999999999787
0,3500,307.62,0.9166542346542373,0.0
0,3525,309.81,0.9173725718725746,0.0
0,3550,312.01,0.917189588189591,0.009999999999999787
0,3575,314.21,0.9140947940947968,0.009999999999999787
0,3600,316.41,0.9096060606060633,0.0
0,3625,318.6,0.8951390831390857,
0,3650,320.8,0.8697163947163973,
0,3675,323.0,0.8419024864024889,
0,3700,325.2,0.8190769230769256,
0,3725,327.39,0.8102035742035767,0.8900000000000006
0,3750,329.59,0.8183271173271199,0.0
0,3775,331.79,0.8412715617715644,
0,3800,333.98,0.880475524475527,
0,3825,336.18,0.9119153069153096,
0,3850,338.38,0.9299533799533826,
0,3875,340.58,0.9117070707070734,
0,3900,342.77,0.8620559440559465,
0,3925,344.97,0.8024106449106473,2.950000000000001
0,3950,347.17,0.747736596736599,0.9100000000000001
0,3975,349.37,0.7127780885780888,2.9800000000000004
0,4000,351.56,0.682729836829837,0.9000000000000004
0,4025,353.76,0.6575918414918415,0.8800000000000008
0,4050,355.96,0.6373641025641024,0.2900000000000009
0,4075,358.15,0.6220466200466196,0.8899999999999988
1,4100,0.35,0.6610116550116553,
1,4125,2.55,0.6292773892773895,1.1799999999999997
1,4150,4.75,0.606635586635587,0.0
1,4175,6.94,0.5930862470862475,0.019999999999999574
1,4200,9.14,0.588629370629371,0.0
1,4225,11.34,0.5932649572649591,1.1999999999999993
1,4250,13.54,0.6133954933954954,0.8699999999999992
1,4275,15.73,0.6374685314685334,0.0
1,4300,17.93,0.664526184926187,1.1600000000000001
1,4325,20.13,0.6943291375291397,1.7600000000000016
1,4350,22.32,0.7260630924630946,3.870000000000001
1,4375,24.52,0.7625299145299169,0.9299999999999997
1,4400,26.72,0.8001421205057592,0.03999999999999915
1,4425,28.92,0.8378136610863909,
1,4450,31.11,0.8678547714911377,
1,4475,33.31,0.8977438722893294,
1,4500,35.51,0.9307079183442846,
1,4525,37.71,0.9557270608179727,
1,4550,39.9,0.9678081514445178,
1,4575,42.1,0.9708758070212643,
1,4600,44.3,0.9665668150031814,
1,4625,46.49,0.9576091544818846,
1,4650,48.69,0.9478219961856352,
1,4675,50.89,0.9407272727272755,
1,4700,53.09,0.9341818181818209,
1,4725,55.28,0.9276363636363664,
1,4750,57.48,0.9210909090909118,
1,4775,59.68,0.9145454545454573,
1,4800,61.88,0.9080000000000027,
1,4825,64.07,0.901454545454548,
1,4850,66.27,0.8949090909090934,
1,4875,68.47,0.8883636363636389,
1,4900,70.66,0.8818181818181844,
1,4925,72.86,0.8752727272727299,
1,4950,75.06,0.8686713286713312,
1,4975,77.26,0.8615905912269572,
1,5000,79.45,0.853742520106159,
1,5025,81.65,0.8468443879352995,
1,5050,83.85,0.842194492376313,
1,5075,86.04,0.8406721561267041,
1,5100,88.24,0.8427377269195476,0.010000000000001563
1,5125,90.44,0.8484325775234891,
1,5150,92.64,0.8583381467017855,
1,5175,94.83,0.8762133018496682,
1,5200,97.03,0.8919420579420605,
1,5225,99.23,0.9053413253413279,
1,5250,101.43,0.8922315462315489,
1,5275,103.62,0.8596368076368102,
1,5300,105.82,0.805552891552894,2.09
1,5325,108.02,0.7652909312909336,0.8900000000000006
1,5350,110.21,0.7227283827283848,2.9800000000000004
1,5375,112.41,0.6815444555444576,0.019999999999999574
1,5400,114.61,0.6449776889776909,1.7799999999999994
1,5425,116.81,0.6306542346542365,2.0699999999999985
1,5450,119.0,0.6298570318570337,1.7799999999999994
1,5475,121.2,0.6396208236208255,2.1099999999999994
1,5500,123.4,0.6366837606837626,0.019999999999999574
1,5525,125.6,0.6344553224553243,0.9100000000000001
1,5550,127.79,0.6356534576534595,0.0
1,5575,129.99,0.6599658119658139,0.019999999999999574
1,5600,132.19,0.6748174048174069,0.8900000000000006
1,5625,134.38,0.6773473193473214,2.0700000000000003
1,5650,136.58,0.681827505827508,0.870000000000001
1,5675,138.78,0.7019564879564901,0.2900000000000009
1,5700,140.98,0.7187055167055189,0.0
1,5725,143.17,0.7304397824397846,0.8900000000000006
1,5750,145.37,0.7358881118881141,2.960000000000001
1,5775,147.57,0.7380512820512842,0.8900000000000006
1,5800,149.77,0.7383947163947185,0.8900000000000006
1,5825,151.96,0.734845376845379,
1,5850,154.16,0.7269526029526051,
1,5875,156.36,0.7142657342657363,
1,5900,158.55,0.7130209790209812,
1,5925,160.75,0.7180000000000021,
1,5950,162.95,0.7180000000000021,
1,5975,165.15,0.7180000000000021,
1,6000,167.34,0.7180000000000021,
1,6025,169.54,0.7180000000000021,
1,6050,171.74,0.7180000000000021,
1,6075,173.94,0.7180000000000021,
1,6100,176.13,0.7180000000000021,
1,6125,178.33,0.7180000000000021,
1,6150,180.53,0.7180000000000021,
1,6175,182.72,0.7180000000000021,
1,6200,184.92,0.7180000000000021,
1,6225,187.12,0.7180000000000021,
1,6250,189.32,0.7180000000000021,
1,6275,191.51,0.7180000000000021,
1,6300,193.71,0.7180000000000021,
1,6325,195.91,0.7180000000000021,
1,6350,198.11,0.7180000000000021,
1,6375,200.3,0.7180000000000021,
1,6400,202.5,0.7180000000000021,
1,6425,204.7,0.7180000000000021,
1,6450,206.89,0.7180000000000021,
1,6475,209.09,0.7180000000000021,
1,6500,211.29,0.7180000000000021,
1,6525,213.49,0.7131328671328692,
1,6550,215.68,0.7143496503496524,
1,6575,217.88,0.7317668997669019,
1,6600,220.08,0.7382284382284403,
1,6625,222.28,0.7323232323232346,
1,6650,224.47,0.7182066822066844,0.870000000000001
1,6675,226.67,0.712993006993009,0.9100000000000001
1,6700,228.87,0.7115742035742056,2.960000000000001
1,6725,231.06,0.7001554001554023,0.0
1,6750,233.26,0.6765641025641045,3.5600000000000005
1,6775,235.46,0.6546278166278187,2.9800000000000004
1,6800,237.66,0.6530116550116569,0.8900000000000006
1,6825,239.85,0.6583807303807324,2.0700000000000003
1,6850,242.05,0.6458632478632499,0.009999999999999787
1,6875,244.25,0.626069930069932,0.8800000000000008
1,6900,246.45,0.6072400932400952,0.019999999999999574
1,6925,248.64,0.6144848484848503,0.9100000000000001
1,6950,250.84,0.624038850038852,0.0
1,6975,253.04,0.625236985236987,0.0
1,7000,255.23,0.617106449106451,1.1999999999999993
1,7025,257.43,0.621048951048953,0.879999999999999
1,7050,259.63,0.6303247863247883,1.1899999999999995
1,7075,261.83,0.6557078477078497,0.9100000000000001
1,7100,264.02,0.6922641802641823,0.0
1,7125,266.22,0.7385757575757597,2.0700000000000003
1,7150,268.42,0.7925850815850839,0.8900000000000006
1,7175,270.62,0.8580811965811992,2.9800000000000004
1,7200,272.81,0.9104848484848512,0.009999999999999787
1,7225,275.01,0.94223387723388,
1,7250,277.21,0.9393286713286741,
1,7275,279.4,0.9067358197358225,
1,7300,281.6,0.8610287490287516,
1,7325,283.8,0.8403923853923879,
1,7350,286.0,0.833555555555558,
1,7375,288.19,0.844397824397827,0.0
1,7400,290.39,0.8685912975913,
1,7425,292.59,0.8995714840714868,
1,7450,294.79,0.9283745143745172,
1,7475,296.98,0.9477466977467005,
1,7500,299.18,0.9491080031080058,
1,7525,301.38,0.9334763014763042,
1,7550,303.57,0.9191546231546259,0.0
1,7575,305.77,0.9148407148407176,0.009999999999999787
1,7600,307.97,0.91643387723388,
1,7625,310.17,0.9190607614607642,
1,7650,312.36,0.9191751359751386,0.0
1,7675,314.56,0.9134980574980602,0.02999999999999936
1,7700,316.76,0.9024118104118131,0.019999999999999574
1,7725,318.96,0.883432789432792,
1,7750,321.15,0.8556658896658923,
1,7775,323.35,0.8271740481740506,
1,7800,325.55,0.8053970473970496,
1,7825,327.74,0.7982346542346567,
1,7850,329.94,0.8107583527583553,0.03999999999999915
1,7875,332.14,0.8383011655011681,
1,7900,334.34,0.8733572649572675,
1,7925,336.53,0.913256876456879,
1,7950,338.73,0.9474250194250222,
1,7975,340.93,0.956299922299925,
1,8000,343.13,0.928212898212901,
1,8025,345.32,0.8766954156954182,
1,8050,347.52,0.8144257964257988,2.950000000000001
1,8075,349.72,0.7712074592074593,1.7600000000000016
1,8100,351.91,0.7249160839160839,3.8500000000000014
1,8125,354.11,0.6755516705516704,0.870000000000001
1,8150,356.31,0.6231142191142189,2.709999999999999
1,8175,358.51,0.5676037296037293,2.9799999999999986
2,8200,0.7,0.5964662004662007,
2,8225,2.9,0.6033016317016319,0.3100000000000005
2,8250,5.1,0.6091487179487182,0.0
2,8275,7.29,0.6140074592074592,0.0
2,8300,9.49,0.6178778554778556,0.0
2,8325,11.69,0.6207599067599087,0.0
2,8350,13.89,0.6307195027195045,1.1999999999999993
2,8375,16.08,0.6166262626262644,0.9100000000000001
2,8400,18.28,0.61803418803419,2.110000000000001
2,8425,20.48,0.6265392385392404,1.8000000000000007
2,8450,22.68,0.6432408702408722,0.879999999999999
2,8475,24.87,0.6680652680652701,0.010000000000001563
2,8500,27.07,0.7043893111719222,2.9800000000000004
2,8525,29.27,0.7645367386236974,0.0
2,8550,31.46,0.8285914665045124,
2,8575,33.66,0.8914607614607639,
2,8600,35.86,0.9323960677004183,
2,8625,38.06,0.9467940947940975,
2,8650,40.25,0.9672737407520045,
2,8675,42.45,0.9725991689469978,
2,8700,44.65,0.9689719604067458,
2,8725,46.85,0.959688456471068,
2,8750,49.04,0.9493635350157116,
2,8775,51.24,0.9426086956521768,
2,8800,53.44,0.9363768115942056,
2,8825,55.63,0.9301449275362347,
2,8850,57.83,0.9239130434782636,
2,8875,60.03,0.9176811594202925,
2,8900,62.23,0.9114492753623215,
2,8925,64.42,0.9052173913043505,
2,8950,66.62,0.8989855072463795,
2,8975,68.82,0.8927536231884085,
2,9000,71.02,0.8865217391304374,
2,9025,73.21,0.8802898550724666,
2,9050,75.41,0.8740579710144954,
2,9075,77.61,0.8678260869565244,
2,9100,79.8,0.8610712475929894,
2,9125,82.0,0.856106820715519,
2,9150,84.2,0.8513666430188195,
2,9175,86.4,0.845600306295961,
2,9200,88.59,0.8378731574383774,
2,9225,90.79,0.8275662984358664,0.0
2,9250,92.99,0.8143765863765888,
2,9275,95.19,0.7966569597873969,
2,9300,97.38,0.7768103780277718,
2,9325,99.58,0.758716912716915,
2,9350,101.78,0.740838642838645,
2,9375,103.97,0.7269153069153091,
2,9400,106.17,0.7124998704998726,0.0
2,9425,108.37,0.7107075887075908,1.7800000000000011
2,9450,110.57,0.7071452991453012,2.960000000000001
2,9475,112.76,0.7089324009324031,0.8900000000000006
2,9500,114.96,0.7137839937839959,0.8699999999999992
2,9525,117.16,0.7059036519036539,1.1600000000000001
2,9550,119.36,0.6834856254856274,0.9100000000000001
2,9575,121.55,0.6648826728826748,1.2199999999999989
2,9600,123.75,0.6473768453768473,0.6199999999999992
2,9625,125.95,0.6266977466977487,1.8200000000000003
2,9650,128.14,0.6175120435120455,0.0
2,9675,130.34,0.6312742812742833,2.09
2,9700,132.54,0.6574063714063735,0.8899999999999988
2,9725,134.74,0.6895462315462336,0.02000000000000135
2,9750,136.93,0.7136736596736618,1.2400000000000002
2,9775,139.13,0.7204910644910666,2.0500000000000007
2,9800,141.33,0.721838383838386,1.7599999999999998
2,9825,143.53,0.7296907536907559,1.8000000000000007
2,9850,145.72,0.7350233100233122,
2,9875,147.92,0.7354234654234676,
2,9900,150.12,0.7456301476301499,
2,9925,152.31,0.7622004662004684,0.0
2,9950,154.51,0.7831429681429705,
2,9975,156.71,0.7922905982906007,
2,10000,158.91,0.793557109557112,
2,10025,161.1,0.7943030303030326,
2,10050,163.3,0.7990000000000024,
2,10075,165.5,0.8033333333333358,
2,10100,167.7,0.8076666666666692,
2,10125,169.89,0.8120000000000025,
2,10150,172.09,0.8163333333333358,
2,10175,174.29,0.8206666666666691,
2,10200,176.48,0.8250000000000024,
2,10225,178.68,0.8293333333333358,
2,10250,180.88,0.8336666666666691,
2,10275,183.08,0.8380000000000025,
2,10300,185.27,0.8423333333333358,
2,10325,187.47,0.8466666666666692,
2,10350,189.67,0.8510000000000026,
2,10375,191.87,0.8553333333333358,
2,10400,194.06,0.8596666666666692,
2,10425,196.26,0.8640000000000027,
2,10450,198.46,0.868333333333336,
2,10475,200.65,0.8726666666666693,
2,10500,202.85,0.8770000000000027,
2,10525,205.05,0.881333333333336,
2,10550,207.25,0.8856666666666693,
2,10575,209.44,0.8900000000000027,
2,10600,211.64,0.8946969696969723,
2,10625,213.84,0.9055967365967393,
2,10650,216.04,0.9181429681429708,
2,10675,218.23,0.9180271950271978,
2,10700,220.43,0.8947591297591323,
2,10725,222.63,0.8497692307692333,
2,10750,224.82,0.8004071484071509,2.9700000000000006
2,10775,227.02,0.7484638694638718,1.7800000000000011
2,10800,229.22,0.7166985236985258,2.960000000000001
2,10825,231.42,0.6887451437451458,0.0
2,10850,233.61,0.6682377622377642,0.870000000000001
2,10875,235.81,0.662093240093242,2.6799999999999997
2,10900,238.01,0.6616829836829857,3.860000000000001
2,10925,240.21,0.6536612276612297,1.7800000000000011
2,10950,242.4,0.6324428904428924,2.0700000000000003
2,10975,244.6,0.609212121212123,0.019999999999999574
2,11000,246.8,0.5967536907536926,0.019999999999999574
2,11025,248.99,0.5920341880341898,0.0
2,11050,251.19,0.5985470085470104,0.0
2,11075,253.39,0.5995089355089374,2.0700000000000003
2,11100,255.59,0.613230769230771,1.7800000000000011
2,11125,257.78,0.6372167832167851,0.0
2,11150,259.98,0.6557125097125117,1.2200000000000006
2,11175,262.18,0.6907816627816649,1.8000000000000007
2,11200,264.38,0.7323325563325584,3.8500000000000014
2,11225,266.57,0.7832836052836076,0.9100000000000001
2,11250,268.77,0.8358337218337243,0.870000000000001
2,11275,270.97,0.8832097902097928,2.950000000000001
2,11300,273.16,0.9128826728826755,0.0
2,11325,275.36,0.9307490287490315,
2,11350,277.56,0.9337062937062964,
2,11375,279.76,0.9150629370629398,
2,11400,281.95,0.8718787878787905,
2,11425,284.15,0.8371732711732737,
2,11450,286.35,0.8053395493395518,
2,11475,288.54,0.7885283605283628,0.019999999999999574
2,11500,290.74,0.7920823620823645,0.0
2,11525,292.94,0.8129285159285184,
2,11550,295.14,0.8423310023310048,
2,11575,297.33,0.872935120435123,
2,11600,299.53,0.8962622377622405,
2,11625,301.73,0.9130229215229242,0.009999999999999787
2,11650,303.93,0.9200574980575008,0.009999999999999787
2,11675,306.12,0.9214972804972833,0.009999999999999787
2,11700,308.32,0.9193271173271201,
2,11725,310.52,0.9192564102564129,
2,11750,312.71,0.921320124320127,
2,11775,314.91,0.9198080808080835,
2,11800,317.11,0.9128609168609196,0.009999999999999787
2,11825,319.31,0.8965450660450688,0.009999999999999787
2,11850,321.5,0.8735839160839187,
2,11875,323.7,0.8448563325563351,
2,11900,325.9,0.8165631701631727,
2,11925,328.1,0.7942809634809659,
2,11950,330.29,0.7828811188811213,0.9100000000000001
2,11975,332.49,0.7866247086247111,0.870000000000001
2,12000,334.69,0.8041810411810436,
2,12025,336.88,0.8420248640248665,
2,12050,339.08,0.8678306138306163,
2,12075,341.28,0.8780279720279746,
2,12100,343.48,0.8765858585858611,
2,12125,345.67,0.8666480186480212,0.0
2,12150,347.87,0.839748562548565,2.960000000000001
2,12175,350.07,0.8154524941724939,0.870000000000001
2,12200,352.27,0.7843558041958038,0.019999999999999574
2,12225,354.46,0.746458492618492,2.9800000000000004
2,12250,356.66,0.7017605594405585,2.67
2,12275,358.86,0.6502620046620036,1.1799999999999997
3,12300,1.05,0.6116550116550119,
3,12325,3.25,0.6098741258741263,3.5599999999999987
3,12350,5.45,0.6094452214452218,3.869999999999999
3,12375,7.65,0.6103682983682988,0.0
3,12400,9.84,0.612643356643357,0.0
3,12425,12.04,0.616270396270398,0.019999999999999574
3,12450,14.24,0.6137125097125115,1.2199999999999989
3,12475,16.44,0.6268811188811206,0.9100000000000001
3,12500,18.63,0.652472557745287,2.09
3,12525,20.83,0.6773897718443193,1.7799999999999994
3,12550,23.03,0.6985709542982291,0.0
3,12575,25.22,0.7134749593840525,2.960000000000001
3,12600,27.42,0.7235973723246472,0.8900000000000006
3,12625,29.62,0.7379654587836427,0.8900000000000006
3,12650,31.82,0.7421342798615548,
3,12675,34.01,0.7375946175037105,
3,12700,36.21,0.722416331143606,
3,12725,38.41,0.7238777283322759,
3,12750,40.61,0.7315564738292032,
3,12775,42.8,0.7345454545454566,
3,12800,45.0,0.7373030303030323,
3,12825,47.2,0.7400606060606082,
3,12850,49.39,0.7428181818181838,
3,12875,51.59,0.7455757575757598,
3,12900,53.79,0.7483333333333355,
3,12925,55.99,0.7510909090909113,
3,12950,58.18,0.7538484848484871,
3,12975,60.38,0.7566060606060627,
3,13000,62.58,0.7593636363636385,
3,13025,64.78,0.7621212121212143,
3,13050,66.97,0.7649906759906782,
3,13075,69.17,0.7678397965670717,
3,13100,71.37,0.7697782298509595,
3,13125,73.56,0.7715740057921898,
3,13150,75.76,0.7740656495020154,
3,13175,77.96,0.7778793529702644,
3,13200,80.16,0.7844247792611453,0.019999999999999574
3,13225,82.35,0.7933225683407525,
3,13250,84.55,0.8037597372324669,
3,13275,86.75,0.812931430858706,
3,13300,88.95,0.8185580937580962,
3,13325,91.14,0.8186026418026443,
3,13350,93.34,0.811502926702929,
3,13375,95.54,0.7968520072520096,
3,13400,97.73,0.777911732711735,
3,13425,99.93,0.7648219632219655,
3,13450,102.13,0.7461809893809915,
3,13475,104.33,0.716980574980577,
3,13500,106.52,0.6986210826210846,0.019999999999999574
3,13525,108.72,0.695995855995858,0.8900000000000006
3,13550,110.92,0.6930784770784791,2.09
3,13575,113.12,0.6902921522921542,0.0
3,13600,115.31,0.6933613053613075,2.66
3,13625,117.51,0.6873069153069175,1.17
3,13650,119.71,0.676924630924633,1.1799999999999997
3,13675,121.9,0.6588609168609189,0.040000000000000924
3,13700,124.1,0.6342470862470881,0.9100000000000001
3,13725,126.3,0.6093457653457671,2.0700000000000003
3,13750,128.5,0.5981756021756041,0.019999999999999574
3,13775,130.69,0.6072727272727291,0.019999999999999574
3,13800,132.89,0.6241351981351999,2.09
3,13825,135.09,0.6631188811188832,0.9099999999999984
3,13850,137.29,0.6986853146853169,0.0
3,13875,139.48,0.7034933954933976,1.1799999999999997
3,13900,141.68,0.7087055167055188,2.09
3,13925,143.88,0.7080155400155422,1.7599999999999998
3,13950,146.07,0.7156433566433588,1.8000000000000007
3,13975,148.27,0.723880341880344,0.0
3,14000,150.47,0.7311452991453015,2.0700000000000003
3,14025,152.67,0.7520699300699323,0.0
3,14050,154.86,0.7840240870240893,
3,14075,157.06,0.824505050505053,
3,14100,159.26,0.8469277389277414,
3,14125,161.46,0.8569603729603756,
3,14150,163.65,0.8792441195168494,
3,14175,165.85,0.901222716677265,
3,14200,168.05,0.9227815215087972,
3,14225,170.24,0.9420242989333926,
3,14250,172.44,0.957596595323871,
3,14275,174.64,0.9686857385039233,
3,14300,176.84,0.9750208377481133,
3,14325,179.03,0.9768727837818775,
3,14350,181.23,0.9750542487815245,
3,14375,183.43,0.9709196863742346,
3,14400,185.63,0.9663653316380618,
3,14425,187.82,0.9632121212121242,
3,14450,190.02,0.9603030303030332,
3,14475,192.22,0.9573939393939422,
3,14500,194.41,0.9544848484848513,
3,14525,196.61,0.9515757575757604,
3,14550,198.81,0.9486666666666695,
3,14575,201.01,0.9457575757575786,
3,14600,203.2,0.9428484848484878,
3,14625,205.4,0.9399393939393967,
3,14650,207.6,0.9370303030303059,
3,14675,209.79,0.9341212121212149,
3,14700,211.99,0.9312121212121239,
3,14725,214.19,0.9281148548421304,
3,14750,216.39,0.9366450519177819,
3,14775,218.58,0.9357409055590902,
3,14800,220.78,0.9245820442184105,
3,14825,222.98,0.8927651338560456,
3,14850,225.18,0.8419215935579597,0.009999999999999787
3,14875,227.37,0.7894332132513975,2.950000000000001
3,14900,229.57,0.7468004520731815,0.870000000000001
3,14925,231.77,0.7043650490923239,2.960000000000001
3,14950,233.96,0.6704832944832966,0.8900000000000006
3,14975,236.16,0.648045066045068,0.870000000000001
3,15000,238.36,0.6444087024087044,0.5999999999999996
3,15025,240.56,0.6375975135975156,1.7599999999999998
3,15050,242.75,0.6294716394716414,0.0
3,15075,244.95,0.6142641802641822,0.3000000000000007
3,15100,247.15,0.5994219114219133,0.009999999999999787
3,15125,249.35,0.5976985236985256,0.0
3,15150,251.54,0.5994281274281292,0.0
3,15175,253.74,0.5982610722610741,1.1999999999999993
3,15200,255.94,0.6137062937062955,0.9100000000000001
3,15225,258.13,0.639856721056723,0.02000000000000135
3,15250,260.33,0.6696093240093259,1.1799999999999997
3,15275,262.53,0.6964509712509733,1.8000000000000007
3,15300,264.73,0.7205090909090931,2.9800000000000004
3,15325,266.92,0.7451853923853946,0.019999999999999574
3,15350,269.12,0.7680649572649595,0.9100000000000001
3,15375,271.32,0.7872879564879588,
3,15400,273.52,0.8028559440559465,
3,15425,275.71,0.8284969696969722,
3,15450,277.91,0.8636049728049753,
3,15475,280.11,0.8915633255633282,
3,15500,282.3,0.9018234654234679,1.2699999999999996
3,15525,284.5,0.8928438228438255,
3,15550,286.7,0.8738648018648045,
3,15575,288.9,0.8513277389277414,
3,15600,291.09,0.8319070707070731,
3,15625,293.29,0.8246110334110359,
3,15650,295.49,0.8331937839937865,
3,15675,297.69,0.8551129759129784,
3,15700,299.88,0.8799319347319373,
3,15725,302.08,0.9002846930846957,
3,15750,304.28,0.9135353535353564,0.009999999999999787
3,15775,306.47,0.919014452214455,
3,15800,308.67,0.9200503496503525,
3,15825,310.87,0.9183944055944084,
3,15850,313.07,0.9198508158508185,
3,15875,315.26,0.9226511266511295,
3,15900,317.46,0.9206298886298915,
3,15925,319.66,0.9075783475783503,0.019999999999999574
3,15950,321.86,0.886334110334113,0.019999999999999574
3,15975,324.05,0.856241388241391,
3,16000,326.25,0.8255643615643641,
3,16025,328.45,0.801668997669,
3,16050,330.64,0.7933975653975678,0.019999999999999574
3,16075,332.84,0.8040266770266794,0.019999999999999574
3,16100,335.04,0.8351771561771586,
3,16125,337.24,0.8707311577311604,
3,16150,339.43,0.9149564879564906,
3,16175,341.63,0.934236985236988,
3,16200,343.83,0.9433853923853952,
3,16225,346.03,0.9167404817404846,
3,16250,348.22,0.8529658119658144,0.009999999999999787
3,16275,350.42,0.8250843822843824,2.0600000000000005
3,16300,352.62,0.7936885780885781,0.019999999999999574
3,16325,354.81,0.7587783993783991,2.960000000000001
3,16350,357.01,0.7203538461538457,0.8900000000000006
3,16375,359.21,0.6784149184149176,2.67
4,16400,1.41,0.6223123543123543,
4,16425,3.6,0.6090946386946389,1.7599999999999998
4,16450,5.8,0.6011589743589745,2.0700000000000003
4,16475,8.0,0.5985053613053616,0.0
4,16500,10.2,0.6011337995337998,0.0
4,16525,12.39,0.609044289044291,0.019999999999999574
4,16550,14.59,0.6324957264957284,0.019999999999999574
4,16575,16.79,0.654012432012434,2.0700000000000003
4,16600,18.98,0.6570675990676009,1.7800000000000011
4,16625,21.18,0.6687707847707868,3.870000000000001
4,16650,23.38,0.6890552584670253,2.67
4,16675,25.58,0.704485305544131,0.8900000000000006
4,16700,27.77,0.7110459344577011,0.0
4,16725,29.97,0.7110222587869667,2.960000000000001
4,16750,32.17,0.7263268887974791,0.870000000000001
4,16775,34.37,0.7396576625988412,0.9100000000000001
4,16800,36.56,0.7539444215914826,
4,16825,38.76,0.7560149001325495,
4,16850,40.96,0.7486071575483362,
4,16875,43.15,0.7587642945290027,
4,16900,45.35,0.7752579185520384,
4,16925,47.55,0.7878823529411787,
4,16950,49.75,0.7995294117647082,
4,16975,51.94,0.8111764705882377,
4,17000,54.14,0.8228235294117672,
4,17025,56.34,0.8344705882352966,
4,17050,58.54,0.846117647058826,
4,17075,60.73,0.8587420814479664,
4,17100,62.93,0.8723639105992073,
4,17125,65.13,0.8854581105169366,
4,17150,67.32,0.8949169827993385,
4,17175,69.52,0.8963016286545724,
4,17200,71.72,0.8910540701128963,
4,17225,73.92,0.8808878224172371,
4,17250,76.11,0.8682857961210929,
4,17275,78.31,0.8548821152703532,
4,17300,80.51,0.8427207032618823,0.870000000000001
4,17325,82.71,0.8342552828435207,0.870000000000001
4,17350,84.9,0.8298787878787904,0.0
4,17375,87.1,0.827960994560997,
4,17400,89.3,0.8254362082362107,
4,17425,91.49,0.819737995337998,
4,17450,93.69,0.8134312354312379,
4,17475,95.89,0.8070000000000024,
4,17500,98.09,0.800568764568767,
4,17525,100.28,0.7943738927738951,
4,17550,102.48,0.7901581973581997,
4,17575,104.68,0.7890677544677568,
4,17600,106.88,0.7823830613830637,
4,17625,109.07,0.7759494949494973,0.019999999999999574
4,17650,111.27,0.7619286713286736,0.9299999999999997
4,17675,113.47,0.7428792540792561,2.1099999999999994
4,17700,115.66,0.7278229992230014,0.9099999999999984
4,17725,117.86,0.7041888111888134,
4,17750,120.06,0.6759541569541591,
4,17775,122.26,0.6482167832167851,0.0
4,17800,124.45,0.6252377622377641,0.0
4,17825,126.65,0.601348096348098,1.200000000000001
4,17850,128.85,0.5866355866355885,0.019999999999999574
4,17875,131.04,0.5764366744366761,0.0
4,17900,133.24,0.5837482517482536,0.0
4,17925,135.44,0.6115633255633275,0.010000000000001563
4,17950,137.64,0.6585252525252545,1.1899999999999995
4,17975,139.83,0.6941460761460782,0.0
4,18000,142.03,0.7157715617715639,2.0700000000000003
4,18025,144.23,0.732791430791433,
4,18050,146.43,0.7461394161394185,
4,18075,148.62,0.7482632922632945,0.9100000000000001
4,18100,150.82,0.7537597957597981,0.8900000000000006
4,18125,153.02,0.7549659229659251,2.960000000000001
4,18150,155.21,0.7753684093684118,0.9100000000000001
4,18175,157.41,0.8054110334110357,
4,18200,159.61,0.8407152847152872,
4,18225,161.81,0.8710729270729298,
4,18250,164.0,0.8950169830169857,
4,18275,166.2,0.9223908091908118,
4,18300,168.4,0.9481349650349677,
4,18325,170.6,0.9657306915306945,
4,18350,172.79,0.9772858252858282,0.0
4,18375,174.99,0.9831411921411951,0.0
4,18400,177.19,0.9843161616161644,
4,18425,179.38,0.9825086469086499,
4,18450,181.58,0.9800951048951078,
4,18475,183.78,0.9801305361305391,
4,18500,185.98,0.9801666666666695,
4,18525,188.17,0.9802000000000031,
4,18550,190.37,0.9802333333333363,
4,18575,192.57,0.9802666666666696,
4,18600,194.77,0.9803000000000028,
4,18625,196.96,0.9803333333333363,
4,18650,199.16,0.9803666666666696,
4,18675,201.36,0.980400000000003,
4,18700,203.55,0.9804333333333363,
4,18725,205.75,0.9804666666666697,
4,18750,207.95,0.9805027972028,
4,18775,210.15,0.9805913752913784,
4,18800,212.34,0.9849849261849292,
4,18825,214.54,0.988227738927742,
4,18850,216.74,0.9860801087801117,
4,18875,218.94,0.97551833721834,
4,18900,221.13,0.9547347319347348,0.010000000000001563
4,18925,223.33,0.9188746697746725,
4,18950,225.53,0.8853596736596762,
4,18975,227.72,0.8342585081585107,
4,19000,229.92,0.7700463092463115,
4,19025,232.12,0.7130101010101032,
4,19050,234.32,0.6725128205128225,0.019999999999999574
4,19075,236.51,0.6421224553224572,2.0700000000000003
4,19100,238.71,0.6223316239316258,0.0
4,19125,240.91,0.6124177156177174,0.870000000000001
4,19150,243.11,0.6104428904428922,1.5099999999999998
4,19175,245.3,0.6132540792540812,1.7799999999999994
4,19200,247.5,0.6257482517482537,0.02000000000000135
4,19225,249.7,0.6244475524475543,0.6000000000000014
4,19250,251.89,0.6195804195804214,0.5800000000000001
4,19275,254.09,0.6153846153846172,0.0
4,19300,256.29,0.6220979020979039,0.0
4,19325,258.49,0.6365268065268085,1.7399999999999984
4,19350,260.68,0.6522960372960394,1.4699999999999989
4,19375,262.88,0.6653232323232342,0.870000000000001
4,19400,265.08,0.6771274281274302,2.9800000000000004
4,19425,267.28,0.6885361305361326,0.9100000000000001
4,19450,269.47,0.6996853146853168,0.8899999999999988
4,19475,271.67,0.713837606837609,
4,19500,273.87,0.7311445221445243,
4,19525,276.06,0.7462292152292174,
4,19550,278.26,0.7723628593628618,
4,19575,280.46,0.8007912457912483,
4,19600,282.66,0.8229733229733254,
4,19625,284.85,0.8382517482517506,0.0
4,19650,287.05,0.8495653975654001,
4,19675,289.25,0.8578479668479694,
4,19700,291.45,0.8645174825174851,
4,19725,293.64,0.8715322455322482,
4,19750,295.84,0.8818896658896686,
4,19775,298.04,0.891271950271953,
4,19800,300.23,0.8997034447034473,
4,19825,302.43,0.9066907536907565,
4,19850,304.63,0.9119450919450948,
4,19875,306.83,0.9153822843822871,0.009999999999999787
4,19900,309.02,0.9171320901320928,
4,19925,311.22,0.9175545195545224,
4,19950,313.42,0.917177156177159,
4,19975,315.62,0.920255892255895,
4,20000,317.81,0.9230315980316007,
4,20025,320.01,0.9210668220668249,
4,20050,322.21,0.9077824397824424,0.02999999999999936
4,20075,324.4,0.886325045325048,0.019999999999999574
4,20100,326.6,0.8545664335664361,
4,20125,328.8,0.8227694897694923,
4,20150,331.0,0.7996353276353301,
4,20175,333.19,0.7979114219114244,0.0
4,20200,335.39,0.818658378658381,0.019999999999999574
4,20225,337.59,0.8568264698264724,
4,20250,339.79,0.9080461020461047,
4,20275,341.98,0.9434941724941751,
4,20300,344.18,0.9540036260036289,0.0
4,20325,346.38,0.9299831649831677,
4,20350,348.57,0.8700652680652705,
4,20375,350.77,0.8330486402486402,2.9800000000000004
4,20400,352.97,0.78663108003108,0.870000000000001
4,20425,355.17,0.730812587412587,2.960000000000001
4,20450,357.36,0.6655931623931619,0.9100000000000001
4,20475,359.56,0.5909728049728041,0.870000000000001
5,20500,1.76,0.6307878787878789,
5,20525,3.96,0.6110424242424243,0.8699999999999992
5,20550,6.15,0.5979636363636364,1.1799999999999997
5,20575,8.35,0.5915515151515152,0.0
5,20600,10.55,0.5918060606060607,0.019999999999999574
5,20625,12.74,0.5987272727272746,0.9100000000000001
5,20650,14.94,0.615195027195029,0.8900000000000006
5,20675,17.14,0.6455773115773134,0.0
5,20700,19.34,0.6682113442113462,2.0700000000000003
5,20725,21.53,0.672206682206684,0.870000000000001
5,20750,23.73,0.682938616938619,
5,20775,25.93,0.7013177933177953,
5,20800,28.13,0.7117094017094038,1.7799999999999994
5,20825,30.32,0.7105174825174846,0.0
5,20850,32.52,0.712982905982908,2.9800000000000004
5,20875,34.72,0.7206412846412867,0.8900000000000006
5,20900,36.91,0.7307837347837369,0.9299999999999997
5,20925,39.11,0.7437715617715639,0.019999999999999574
5,20950,41.31,0.7429072779072802,
5,20975,43.51,0.7328992488992511,
5,21000,45.7,0.7411235431235453,
5,21025,47.9,0.7567257187257209,
5,21050,50.1,0.7674444444444467,
5,21075,52.29,0.7773333333333358,
5,21100,54.49,0.7872222222222246,
5,21125,56.69,0.7962766122766146,
5,21150,58.89,0.8055396270396293,
5,21175,61.08,0.8158225848225873,
5,21200,63.28,0.8293693343693369,
5,21225,65.48,0.845001942501945,
5,21250,67.68,0.8621890701890728,
5,21275,69.87,0.877039238539241,
5,21300,72.07,0.884288785288788,
5,21325,74.27,0.8845139860139888,
5,21350,76.46,0.8785216265216291,
5,21375,78.66,0.8673490028490055,
5,21400,80.86,0.8543733488733516,
5,21425,83.06,0.8425997150997176,0.0
5,21450,85.25,0.83549546749547,0.0
5,21475,87.45,0.8327832167832194,0.0
5,21500,89.65,0.8344475524475551,
5,21525,91.85,0.8366666666666692,
5,21550,94.04,0.8366666666666692,
5,21575,96.24,0.8366666666666692,
5,21600,98.44,0.8366666666666692,
5,21625,100.63,0.8366666666666692,
5,21650,102.83,0.8487878787878813,
5,21675,105.03,0.8457575757575783,
5,21700,107.23,0.8265045325045349,
5,21725,109.42,0.8043817663817688,
5,21750,111.62,0.7837984977985002,0.0
5,21775,113.82,0.766749028749031,2.960000000000001
5,21800,116.02,0.7515099715099737,
5,21825,118.21,0.7271256151256172,
5,21850,120.41,0.6994980574980596,
5,21875,122.61,0.6748930328930349,2.09
5,21900,124.8,0.6592934472934492,0.8899999999999988
5,21925,127.0,0.6280424760424779,2.09
5,21950,129.2,0.5891639471639488,0.0
5,21975,131.4,0.5715975135975153,0.019999999999999574
5,22000,133.59,0.5596860916860933,0.010000000000001563
5,22025,135.79,0.5793690753690771,0.010000000000001563
5,22050,137.99,0.6229992229992248,0.0
5,22075,140.19,0.6736425796425817,1.200000000000001
5,22100,142.38,0.7114265734265754,0.0
5,22125,144.58,0.7237513597513618,2.959999999999999
5,22150,146.78,0.734702408702411,0.5999999999999996
5,22175,148.97,0.7395191475191498,0.8900000000000006
5,22200,151.17,0.7344397824397845,1.7799999999999994
5,22225,153.37,0.7324790764790786,0.019999999999999574
5,22250,155.57,0.7246404706404728,2.0700000000000003
5,22275,157.76,0.7418212898212919,0.03999999999999915
5,22300,159.96,0.7718166278166301,
5,22325,162.16,0.8028453768453792,
5,22350,164.36,0.8146386946386971,
5,22375,166.55,0.812554778554781,
5,22400,168.75,0.8209836829836855,
5,22425,170.95,0.8276083916083941,
5,22450,173.14,0.8326107226107252,
5,22475,175.34,0.8358941058941085,0.0
5,22500,177.54,0.8375551115551141,
5,22525,179.74,0.8378834498834524,
5,22550,181.93,0.8373619713619739,
5,22575,184.13,0.8366666666666692,
5,22600,186.33,0.8366666666666692,
5,22625,188.53,0.8366666666666692,
5,22650,190.72,0.8366666666666692,
5,22675,192.92,0.8366666666666692,
5,22700,195.12,0.8366666666666692,
5,22725,197.31,0.8366666666666692,
5,22750,199.51,0.8366666666666692,
5,22775,201.71,0.8366666666666692,
5,22800,203.91,0.8366666666666692,
5,22825,206.1,0.8366666666666692,
5,22850,208.3,0.8366666666666692,
5,22875,210.5,0.8366666666666692,
5,22900,212.7,0.8366666666666692,
5,22925,214.89,0.8396540792540819,
5,22950,217.09,0.8418946386946412,
5,22975,219.29,0.8404839160839186,
5,23000,221.48,0.8333473193473218,0.019999999999999574
5,23025,223.68,0.8192400932400957,0.019999999999999574
5,23050,225.88,0.7947599067599092,
5,23075,228.08,0.7640559440559465,
5,23100,230.27,0.7378787878787901,
5,23125,232.47,0.7055244755244776,
5,23150,234.67,0.6696192696192718,
5,23175,236.87,0.6436985236985256,0.0
5,23200,239.06,0.6303521367521386,0.8899999999999988
5,23225,241.26,0.6177821289821307,2.0700000000000003
5,23250,243.46,0.6062293706293725,0.0
5,23275,245.65,0.5951048951048968,1.7800000000000011
5,23300,247.85,0.5763885003885021,1.1799999999999997
5,23325,250.05,0.57023620823621,0.9100000000000001
5,23350,252.25,0.5819968919968939,0.0
5,23375,254.44,0.5845143745143763,0.0
5,23400,256.64,0.5777886557886575,0.0
5,23425,258.84,0.5851577311577328,1.7799999999999994
5,23450,261.04,0.6023636363636381,0.5999999999999996
5,23475,263.23,0.613644755244757,0.8900000000000006
5,23500,265.43,0.624266045066047,0.019999999999999574
5,23525,267.63,0.6338483294483314,2.0700000000000003
5,23550,269.82,0.6414592074592094,0.8899999999999988
5,23575,272.02,0.6624118104118124,0.0
5,23600,274.22,0.6915275835275857,
5,23625,276.42,0.7135384615384638,
5,23650,278.61,0.7279809634809656,
5,23675,280.81,0.7478555749805771,
5,23700,283.01,0.7645052447552471,
5,23725,285.21,0.775671328671331,0.019999999999999574
5,23750,287.4,0.7839265345765369,0.019999999999999574
5,23775,289.6,0.7902021950271974,
5,23800,291.8,0.7957798756798781,
5,23825,293.99,0.8022913752913776,
5,23850,296.19,0.8114358974358999,
5,23875,298.39,0.8208750000000025,
5,23900,300.59,0.8295833333333358,
5,23925,302.78,0.8382916666666691,
5,23950,304.98,0.8470000000000025,
5,23975,307.18,0.855708333333336,
5,24000,309.38,0.8644166666666692,
5,24025,311.57,0.8731809440559467,
5,24050,313.77,0.8826060606060632,
5,24075,315.97,0.8946752136752162,
5,24100,318.16,0.9050920745920773,
5,24125,320.36,0.9105636169386196,
5,24150,322.56,0.9088001165501193,
5,24175,324.76,0.8956340326340353,0.009999999999999787
5,24200,326.95,0.8701598679098707,
5,24225,329.15,0.8411786130536156,
5,24250,331.35,0.8165209790209815,
5,24275,333.54,0.8030473970473995,
5,24300,335.74,0.8107303807303832,0.0
5,24325,337.94,0.8483123543123569,
5,24350,340.14,0.8885710955710981,
5,24375,342.33,0.9141227661227689,
5,24400,344.53,0.9221973581973608,
5,24425,346.73,0.9208049728049755,0.010000000000001563
5,24450,348.93,0.8869137529137556,
5,24475,351.12,0.8534708624708626,
5,24500,353.32,0.8073240093240093,0.870000000000001
5,24525,355.52,0.7484731934731932,0.8900000000000006
5,24550,357.71,0.6769184149184144,2.960000000000001
5,24575,359.91,0.5926596736596728,0.019999999999999574
6,24600,2.11,0.7613146853146854,
6,24625,4.31,0.7037501165501167,2.09
6,24650,6.5,0.6560254856254859,1.1999999999999993
6,24675,8.7,0.6181407925407928,0.019999999999999574
6,24700,10.9,0.5900960372960377,0.8900000000000006
6,24725,13.1,0.5718912198912217,1.200000000000001
6,24750,15.29,0.5687770007770024,0.019999999999999574
6,24775,17.49,0.5791880341880359,0.010000000000001563
6,24800,19.69,0.6006581196581215,1.1899999999999995
6,24825,21.88,0.6269378399378419,0.9100000000000001
6,24850,24.08,0.6557117327117348,0.019999999999999574
6,24875,26.28,0.673961926961929,3.0
6,24900,28.48,0.6952859362859384,
6,24925,30.67,0.7155889665889689,
6,24950,32.87,0.733795648795651,0.0
6,24975,35.07,0.7441983571983594,0.8900000000000006
6,25000,37.27,0.742809634809637,2.960000000000001
6,25025,39.46,0.7574321234321257,0.8900000000000006
6,25050,41.66,0.7751333111333134,0.019999999999999574
6,25075,43.86,0.7848500388500412,0.019999999999999574
6,25100,46.05,0.7889658119658144,
6,25125,48.25,0.785597513597516,
6,25150,50.45,0.7894501054501077,
6,25175,52.65,0.7939580419580444,
6,25200,54.84,0.798411921411924,
6,25225,57.04,0.8027619047619071,
6,25250,59.24,0.8070000000000024,
6,25275,61.44,0.8112380952380976,
6,25300,63.63,0.815504162504165,
6,25325,65.83,0.8200909090909116,
6,25350,68.03,0.8245895215895241,
6,25375,70.22,0.8296375291375316,
6,25400,72.42,0.8337054195804221,
6,25425,74.62,0.8356509324009349,
6,25450,76.82,0.8347190587190613,
6,25475,79.01,0.8305420412920437,
6,25500,81.21,0.8231393745143769,
6,25525,83.41,0.8129178044178068,
6,25550,85.61,0.8006713286713311,
6,25575,87.8,0.7875104895104919,
6,25600,90.0,0.7741250000000022,
6,25625,92.2,0.7617500000000024,
6,25650,94.39,0.7493750000000022,
6,25675,96.59,0.7370000000000021,
6,25700,98.79,0.7246250000000022,
6,25725,100.99,0.7122500000000022,
6,25750,103.18,0.6988365384615406,
6,25775,105.38,0.6821337412587433,
6,25800,107.58,0.666548951048953,
6,25825,109.78,0.6575517676767697,
6,25850,111.97,0.6636364607614628,
6,25875,114.17,0.6883499417249438,
6,25900,116.37,0.7173842268842291,5.140000000000001
6,25925,118.56,0.7441537490287513,
6,25950,120.76,0.7527899184149207,
6,25975,122.96,0.7437821484071506,
6,26000,125.16,0.7174728049728072,2.9499999999999993
6,26025,127.35,0.6765407925407946,0.8899999999999988
6,26050,129.55,0.6315975135975155,2.0799999999999983
6,26075,131.75,0.5867148407148425,0.010000000000001563
6,26100,133.95,0.5676550116550133,0.0
6,26125,136.14,0.5731717171717189,0.0
6,26150,138.34,0.5824693084693102,0.0
6,26175,140.54,0.6061662781662799,0.0
6,26200,142.73,0.6338554778554797,2.0700000000000003
6,26225,144.93,0.6611002331002351,0.8899999999999988
6,26250,147.13,0.6784770784770806,0.0
6,26275,149.33,0.6983247863247884,1.1799999999999997
6,26300,151.52,0.7160124320124341,1.1999999999999993
6,26325,153.72,0.7261724941724964,1.7799999999999994
6,26350,155.92,0.7416697746697769,0.8900000000000006
6,26375,158.12,0.7539616679616702,2.960000000000001
6,26400,160.31,0.7608712768712792,0.870000000000001
6,26425,162.51,0.7766728826728849,0.019999999999999574
6,26450,164.71,0.7940624190624214,
6,26475,166.9,0.8042724682724707,
6,26500,169.1,0.7956666666666691,
6,26525,171.3,0.8087687127687152,
6,26550,173.5,0.8321838901838928,
6,26575,175.69,0.8612281792281818,
6,26600,177.89,0.8930769230769258,0.019999999999999574
6,26625,180.09,0.9246537166537194,2.1499999999999986
6,26650,182.29,0.9530126910126937,
6,26675,184.48,0.9767319148088407,
6,26700,186.68,0.9916828840675024,
6,26725,188.88,0.9940333711872203,
6,26750,191.07,0.9790555057478163,
6,26775,193.27,0.9728825732671917,
6,26800,195.47,0.9634230271153377,
6,26825,197.67,0.9508616540155029,
6,26850,199.86,0.9357528141374323,
6,26875,202.06,0.919020441097367,
6,26900,204.26,0.9019580419580447,
6,26925,206.46,0.8862051282051309,
6,26950,208.65,0.8704615384615411,
6,26975,210.85,0.8546060606060633,
6,27000,213.05,0.8375693024923819,
6,27025,215.24,0.8209716095869967,
6,27050,217.44,0.8082668101129664,
6,27075,219.64,0.7975906998983947,
6,27100,221.84,0.7851228657382527,
6,27125,224.03,0.7703267786344732,0.019999999999999574
6,27150,226.23,0.7543991592453153,0.0
6,27175,228.43,0.7467017313171181,
6,27200,230.63,0.7523248062478854,
6,27225,232.82,0.7599917119917142,
6,27250,235.02,0.764801605801608,
6,27275,237.22,0.7558767158767182,
6,27300,239.41,0.7344602434602455,0.02000000000000135
6,27325,241.61,0.7071421911421931,2.09
6,27350,243.81,0.6787078477078496,0.9099999999999984
6,27375,246.01,0.6423480963480982,2.09
6,27400,248.2,0.6050194250194268,0.0
6,27425,250.4,0.5834965034965053,0.8900000000000006
6,27450,252.6,0.5787179487179505,0.28999999999999915
6,27475,254.79,0.579274281274283,0.9100000000000001
6,27500,256.99,0.5755027195027212,0.0
6,27525,259.19,0.5726045066045083,1.7799999999999994
6,27550,261.39,0.575316239316241,1.4700000000000006
6,27575,263.58,0.5815306915306934,0.0
6,27600,265.78,0.6065951825951844,0.010000000000001563
6,27625,267.98,0.6370256410256429,3.84
6,27650,270.18,0.6675151515151535,2.6500000000000004
6,27675,272.37,0.6972214452214474,0.019999999999999574
6,27700,274.57,0.718832426832429,2.0699999999999985
6,27725,276.77,0.7317213157213178,
6,27750,278.96,0.7369919709919732,
6,27775,281.16,0.746832426832429,
6,27800,283.36,0.7518502978503001,
6,27825,285.56,0.7493105413105435,
6,27850,287.75,0.7585387205387228,
6,27875,289.95,0.7704967624967648,0.0
6,27900,292.15,0.7779445739445763,
6,27925,294.35,0.7811841491841515,
6,27950,296.54,0.7795337995338019,
6,27975,298.74,0.7773333333333358,
6,28000,300.94,0.7773333333333358,
6,28025,303.13,0.7773333333333358,
6,28050,305.33,0.7773333333333358,
6,28075,307.53,0.7773333333333358,
6,28100,309.73,0.7773333333333358,
6,28125,311.92,0.7773333333333358,
6,28150,314.12,0.7773333333333358,
6,28175,316.32,0.7773333333333358,
6,28200,318.52,0.7773333333333358,
6,28225,320.71,0.7773333333333358,
6,28250,322.91,0.7773333333333358,
6,28275,325.11,0.7773333333333358,
6,28300,327.3,0.7773333333333358,
6,28325,329.5,0.7730815850815875,
6,28350,331.7,0.7698927738927762,
6,28375,333.9,0.7719005439005462,
6,28400,336.09,0.7863092463092488,
6,28425,338.29,0.812652680652683,0.0
6,28450,340.49,0.8477933177933202,
6,28475,342.69,0.8798818958818984,
6,28500,344.88,0.8917762237762263,
6,28525,347.08,0.8749013209013234,
6,28550,349.28,0.8659263403263402,
6,28575,351.47,0.8472559440559438,
6,28600,353.67,0.8188901320901317,
6,28625,355.87,0.7808289044289037,0.0
6,28650,358.07,0.7330722610722603,1.7800000000000011
7,28675,0.26,0.7057855477855478,
7,28700,2.46,0.6857324009324012,0.8900000000000006
7,28725,4.66,0.6678284382284384,
7,28750,6.86,0.6520736596736599,
7,28775,9.05,0.6384680652680655,2.09
7,28800,11.25,0.6270116550116569,0.9100000000000001
7,28825,13.45,0.5988593628593647,1.200000000000001
7,28850,15.64,0.5858648018648036,0.019999999999999574
7,28875,17.84,0.588192696192698,0.019999999999999574
7,28900,20.04,0.5939518259518278,0.010000000000001563
7,28925,22.24,0.6165547785547804,2.0599999999999987
7,28950,24.43,0.6433846153846173,0.8699999999999992
7,28975,26.63,0.6781274281274302,0.040000000000000924
7,29000,28.83,0.7232470862470883,0.040000000000000924
7,29025,31.03,0.7775174825174849,2.0700000000000003
7,29050,33.22,0.8184203574203598,1.17
7,29075,35.42,0.8609973359973385,0.8900000000000006
7,29100,37.62,0.8843041403041428,2.6899999999999995
7,29125,39.81,0.8851304251304276,
7,29150,42.01,0.8610480630480656,
7,29175,44.21,0.8388050838050863,0.019999999999999574
7,29200,46.41,0.8113761793761818,0.870000000000001
7,29225,48.6,0.7907148407148431,
7,29250,50.8,0.782759573759576,
7,29275,53.0,0.7871495171495194,
7,29300,55.2,0.7901102231102255,
7,29325,57.39,0.7990333000333024,
7,29350,59.59,0.8035238095238119,
7,29375,61.79,0.8076666666666692,
7,29400,63.98,0.8118095238095262,
7,29425,66.18,0.8159523809523833,
7,29450,68.38,0.8204428904428929,
7,29475,70.58,0.8248464868464893,
7,29500,72.77,0.8292307692307717,
7,29525,74.97,0.8328473193473218,
7,29550,77.17,0.8351569541569568,
7,29575,79.37,0.8358297258297284,0.0
7,29600,81.56,0.8347449217449243,0.0
7,29625,83.76,0.8319910644910671,
7,29650,85.96,0.8278659118659145,
7,29675,88.15,0.8228764568764593,
7,29700,90.35,0.8177389277389302,
7,29725,92.55,0.8125000000000024,
7,29750,94.75,0.8076666666666692,
7,29775,96.94,0.8028333333333357,
7,29800,99.14,0.7977062937062961,
7,29825,101.34,0.7947412587412612,
7,29850,103.54,0.7916130536130558,
7,29875,105.73,0.7842946127946152,
7,29900,107.93,0.773667702667705,
7,29925,110.13,0.7595177415177438,0.019999999999999574
7,29950,112.32,0.7463183113183135,
7,29975,114.52,0.7404101269101292,
7,30000,116.72,0.7428262108262129,
7,30025,118.92,0.7536058016058038,
7,30050,121.11,0.7732411292411314,
7,30075,123.31,0.7771121471121493,
7,30100,125.51,0.7641709401709423,0.9100000000000001
7,30125,127.71,0.7352261072261094,2.0700000000000003
7,30150,129.9,0.6957140637140657,0.8500000000000014
7,30175,132.1,0.6503791763791784,2.960000000000001
7,30200,134.3,0.6091375291375309,0.030000000000001137
7,30225,136.49,0.5738648018648036,0.010000000000001563
7,30250,138.69,0.5567443667443684,0.8900000000000006
7,30275,140.89,0.5628329448329464,0.8900000000000006
7,30300,143.09,0.5943993783993802,0.019999999999999574
7,30325,145.28,0.627167055167057,0.019999999999999574
7,30350,147.48,0.6681445221445242,2.0700000000000003
7,30375,149.68,0.7044110334110355,0.8899999999999988
7,30400,151.88,0.7320225330225352,2.09
7,30425,154.07,0.7490159840159862,
7,30450,156.27,0.753775002775005,
7,30475,158.47,0.7421739371739393,1.7599999999999998
7,30500,160.66,0.7283744033744056,5.109999999999999
7,30525,162.86,0.7174717504717526,3.0199999999999996
7,30550,165.06,0.7173691863691886,0.9100000000000001
7,30575,167.26,0.7245695415695438,
7,30600,169.45,0.7359732489732511,
7,30625,171.65,0.7438110778110799,
7,30650,173.85,0.7513759573759595,
7,30675,176.04,0.7596730676730699,
7,30700,178.24,0.768854182854185,
7,30725,180.44,0.7773177933177956,
7,30750,182.64,0.7857748177748202,
7,30775,184.83,0.7942256262256286,
7,30800,187.03,0.802671328671331,
7,30825,189.23,0.8111137751137776,
7,30850,191.43,0.819555555555558,
7,30875,193.62,0.8280000000000025,
7,30900,195.82,0.8364444444444471,
7,30925,198.02,0.8448888888888914,
7,30950,200.21,0.8533333333333359,
7,30975,202.41,0.8617777777777803,
7,31000,204.61,0.8702222222222249,
7,31025,206.81,0.8786666666666693,
7,31050,209.0,0.8871111111111136,
7,31075,211.2,0.8955555555555582,
7,31100,213.4,0.9040000000000025,
7,31125,215.6,0.9124444444444471,
7,31150,217.79,0.9208888888888916,
7,31175,219.99,0.929333333333336,
7,31200,222.19,0.9384864024864054,
7,31225,224.38,0.9536907536907565,
7,31250,226.58,0.9769147889147918,
7,31275,228.78,0.9727531727531757,
7,31300,230.98,0.945320642320645,
7,31325,233.17,0.9019878269878295,
7,31350,235.37,0.8491263921263946,1.2399999999999984
7,31375,237.57,0.7903359233359257,2.9800000000000004
7,31400,239.77,0.7395837865837888,
7,31425,241.96,0.6904638694638715,
7,31450,244.16,0.6528477078477098,0.8699999999999992
7,31475,246.36,0.6351538461538481,1.1799999999999997
7,31500,248.55,0.6307653457653477,0.02000000000000135
7,31525,250.75,0.61116627816628,1.17
7,31550,252.95,0.5936021756021773,0.9200000000000008
7,31575,255.15,0.5814654234654252,0.9099999999999993
7,31600,257.34,0.573466977466979,0.0
7,31625,259.54,0.5639720279720296,0.0
7,31650,261.74,0.5711017871017887,0.010000000000001563
7,31675,263.94,0.585294483294485,0.010000000000001563
7,31700,266.13,0.6119751359751379,0.0
7,31725,268.33,0.6439813519813539,1.7800000000000011
7,31750,270.53,0.672061124061126,1.4900000000000002
7,31775,272.72,0.6801875161875183,2.959999999999999
7,31800,274.92,0.6974851074851095,0.8699999999999992
7,31825,277.12,0.7229583009583032,
7,31850,279.32,0.7443667443667467,
7,31875,281.51,0.7499616679616703,
7,31900,283.71,0.754765604765607,3.879999999999999
7,31925,285.91,0.7605516705516727,
7,31950,288.11,0.7660585340585364,
7,31975,290.3,0.765802641802644,
7,32000,292.5,0.7558730898730921,0.0
7,32025,294.7,0.7385655529655551,
7,32050,296.89,0.7485975653975676,
7,32075,299.09,0.7725108521108546,
7,32100,301.29,0.7973600621600645,
7,32125,303.49,0.8139014763014788,
7,32150,305.68,0.8242283346283371,
7,32175,307.88,0.8297236985237011,
7,32200,310.08,0.8306641802641828,
7,32225,312.28,0.8278796166796191,
7,32250,314.47,0.8227530691530717,
7,32275,316.67,0.817220823620826,
7,32300,318.87,0.8129333333333357,
7,32325,321.06,0.8089777777777802,
7,32350,323.26,0.8050222222222245,
7,32375,325.46,0.8010666666666691,
7,32400,327.66,0.7969992229992254,
7,32425,329.85,0.7928515928515952,
7,32450,332.05,0.7894924630924655,
7,32475,334.25,0.7864356902356927,
7,32500,336.45,0.783055788655791,
7,32525,338.64,0.7788707588707612,
7,32550,340.84,0.7735420875420898,0.019999999999999574
7,32575,343.04,0.7668747474747498,
7,32600,345.23,0.757968712768715,
7,32625,347.43,0.7429975135975158,
7,32650,349.63,0.7391589743589745,
7,32675,351.83,0.7374898212898214,
7,32700,354.02,0.7379900543900544,
7,32725,356.22,0.7406596736596733,0.0
7,32750,358.42,0.7454986790986786,0.8900000000000006
