scan_index,step,angle_deg,distance_cm
0,25,2.2,7.82
0,50,4.39,7.8
0,75,6.59,7.8
0,100,8.79,7.79
0,125,10.99,7.8
0,150,13.18,7.8
0,175,15.38,7.8
0,200,17.58,7.79
0,225,19.78,7.8
0,250,21.97,7.8
0,275,24.17,7.8
0,300,26.37,7.79
0,325,28.56,7.8
0,350,30.76,7.79
0,375,32.96,7.79
0,400,35.16,7.79
0,425,37.35,7.8
0,450,39.55,7.79
0,475,41.75,7.79
0,500,43.95,7.79
0,525,46.14,7.8
0,550,48.34,7.8
0,575,50.54,7.8
0,600,52.73,7.79
0,625,54.93,7.8
0,650,57.13,9.59
0,675,59.33,9.9
0,700,61.52,9.88
0,725,63.72,8.99
0,750,65.92,8.99
0,775,68.12,8.99
0,800,70.31,8.09
0,825,72.51,8.08
0,850,74.71,8.09
0,875,76.9,8.09
0,900,79.1,7.22
0,925,81.3,7.22
0,950,83.5,7.2
0,975,85.69,7.2
0,1000,87.89,7.2
0,1025,90.09,9.88
0,1050,92.29,9.9
0,1075,94.48,9.3
0,1100,96.68,9.3
0,1125,98.88,8.4
0,1150,101.07,8.39
0,1175,103.27,8.39
0,1200,105.47,7.51
0,1225,107.67,7.49
0,1250,109.86,7.51
0,1275,112.06,7.49
0,1300,114.26,7.51
0,1325,116.46,6.62
0,1350,118.65,6.6
0,1375,120.85,6.62
0,1400,123.05,7.51
0,1425,125.24,7.51
0,1450,127.44,9.28
0,1475,129.64,8.7
0,1500,131.84,8.71
0,1525,134.03,7.82
0,1550,136.23,7.79
0,1575,138.43,7.8
0,1600,140.63,7.79
0,1625,142.82,7.8
0,1650,145.02,6.89
0,1675,147.22,6.91
0,1700,149.41,6.91
0,1725,151.61,6.91
0,1750,153.81,6.91
0,1775,156.01,6.91
0,1800,158.2,6.88
0,1825,160.4,6.91
0,1850,162.6,6.89
0,1875,164.79,6.91
0,1900,166.99,8.68
0,1925,169.19,8.7
0,1950,171.39,8.7
0,1975,173.58,8.68
0,2000,175.78,8.7
0,2025,177.98,8.7
0,2050,180.18,8.7
0,2075,182.37,8.68
0,2100,184.57,8.11
0,2125,186.77,8.68
0,2150,188.96,8.11
0,2175,191.16,8.99
0,2200,193.36,8.09
0,2225,195.56,8.99
0,2250,197.75,8.7
0,2275,199.95,8.99
0,2300,202.15,8.7
0,2325,204.35,8.7
0,2350,206.54,8.7
0,2375,208.74,8.7
0,2400,210.94,8.7
0,2425,213.13,6.91
0,2450,215.33,6.91
0,2475,217.53,6.91
0,2500,219.73,6.93
0,2525,221.92,6.89
0,2550,224.12,6.91
0,2575,226.32,6.91
0,2600,228.52,6.91
0,2625,230.71,6.89
0,2650,232.91,6.91
0,2675,235.11,6.91
0,2700,237.3,6.93
0,2725,239.5,7.8
0,2750,241.7,7.8
0,2775,243.9,7.8
0,2800,246.09,7.8
0,2825,248.29,7.8
0,2850,250.49,8.7
0,2875,252.69,8.71
0,2900,254.88,8.68
0,2925,257.08,9.3
0,2950,259.28,9.28
0,2975,261.47,6.62
0,3000,263.67,7.49
0,3025,265.87,6.6
0,3050,268.07,7.51
0,3075,270.26,7.49
0,3100,272.46,7.51
0,3125,274.66,7.51
0,3150,276.86,7.51
0,3175,279.05,7.51
0,3200,281.25,8.39
0,3225,283.45,8.39
0,3250,285.64,8.4
0,3275,287.84,9.28
0,3300,290.04,9.28
0,3325,292.24,9.3
0,3350,294.43,9.28
0,3375,296.63,10.17
0,3400,298.83,8.08
0,3425,301.03,7.2
0,3450,303.22,7.2
0,3475,305.42,7.2
0,3500,307.62,8.11
0,3525,309.81,8.09
0,3550,312.01,8.11
0,3575,314.21,8.08
0,3600,316.41,8.09
0,3625,318.6,8.08
0,3650,320.8,8.11
0,3675,323.0,8.09
0,3700,325.2,8.11
0,3725,327.39,8.11
0,3750,329.59,8.09
0,3775,331.79,8.99
0,3800,333.98,8.99
0,3825,336.18,8.99
0,3850,338.38,8.99
0,3875,340.58,9.88
0,3900,342.77,10.79
0,3925,344.97,7.79
0,3950,347.17,7.79
0,3975,349.37,7.8
0,4000,351.56,7.8
0,4025,353.76,7.79
0,4050,355.96,7.8
0,4075,358.15,7.79
1,4100,0.35,7.79
1,4125,2.55,7.79
1,4150,4.75,7.8
1,4175,6.94,7.8
1,4200,9.14,7.79
1,4225,11.34,7.79
1,4250,13.54,7.8
1,4275,15.73,7.79
1,4300,17.93,7.8
1,4325,20.13,7.8
1,4350,22.32,7.8
1,4375,24.52,7.8
1,4400,26.72,7.8
1,4425,28.92,7.8
1,4450,31.11,7.8
1,4475,33.31,7.79
1,4500,35.51,7.79
1,4525,37.71,9.88
1,4550,39.9,9.88
1,4575,42.1,9.9
1,4600,44.3,8.99
1,4625,46.49,8.97
1,4650,48.69,8.99
1,4675,50.89,8.99
1,4700,53.09,8.99
1,4725,55.28,8.99
1,4750,57.48,8.11
1,4775,59.68,8.09
1,4800,61.88,8.11
1,4825,64.07,8.11
1,4850,66.27,7.2
1,4875,68.47,7.2
1,4900,70.66,7.22
1,4925,72.86,7.2
1,4950,75.06,8.08
1,4975,77.26,11.08
1,5000,79.45,9.28
1,5025,81.65,9.28
1,5050,83.85,9.3
1,5075,86.04,9.3
1,5100,88.24,8.4
1,5125,90.44,8.4
1,5150,92.64,7.51
1,5175,94.83,7.51
1,5200,97.03,7.49
1,5225,99.23,7.51
1,5250,101.43,7.51
1,5275,103.62,7.48
1,5300,105.82,7.49
1,5325,108.02,7.49
1,5350,110.21,6.62
1,5375,112.41,6.6
1,5400,114.61,6.6
1,5425,116.81,6.62
1,5450,119.0,7.51
1,5475,121.2,7.51
1,5500,123.4,9.28
1,5525,125.6,9.3
1,5550,127.79,8.68
1,5575,129.99,8.68
1,5600,132.19,7.8
1,5625,134.38,7.82
1,5650,136.58,7.8
1,5675,138.78,7.82
1,5700,140.98,7.82
1,5725,143.17,7.8
1,5750,145.37,7.8
1,5775,147.57,7.77
1,5800,149.77,6.91
1,5825,151.96,6.91
1,5850,154.16,7.8
1,5875,156.36,7.79
1,5900,158.55,6.91
1,5925,160.75,6.91
1,5950,162.95,6.91
1,5975,165.15,6.91
1,6000,167.34,6.91
1,6025,169.54,6.93
1,6050,171.74,6.91
1,6075,173.94,6.91
1,6100,176.13,6.91
1,6125,178.33,6.89
1,6150,180.53,6.89
1,6175,182.72,6.91
1,6200,184.92,6.91
1,6225,187.12,6.91
1,6250,189.32,6.91
1,6275,191.51,6.89
1,6300,193.71,6.89
1,6325,195.91,6.93
1,6350,198.11,6.91
1,6375,200.3,6.91
1,6400,202.5,6.91
1,6425,204.7,6.91
1,6450,206.89,6.89
1,6475,209.09,6.91
1,6500,211.29,6.91
1,6525,213.49,6.89
1,6550,215.68,6.91
1,6575,217.88,7.8
1,6600,220.08,7.8
1,6625,222.28,7.8
1,6650,224.47,7.8
1,6675,226.67,7.8
1,6700,228.87,7.8
1,6725,231.06,7.79
1,6750,233.26,7.8
1,6775,235.46,8.7
1,6800,237.66,8.7
1,6825,239.85,8.68
1,6850,242.05,8.68
1,6875,244.25,9.28
1,6900,246.45,9.28
1,6925,248.64,9.28
1,6950,250.84,7.49
1,6975,253.04,6.6
1,7000,255.23,7.51
1,7025,257.43,6.62
1,7050,259.63,7.51
1,7075,261.83,7.51
1,7100,264.02,7.51
1,7125,266.22,7.49
1,7150,268.42,7.51
1,7175,270.62,7.49
1,7200,272.81,7.51
1,7225,275.01,7.49
1,7250,277.21,7.49
1,7275,279.4,7.51
1,7300,281.6,7.49
1,7325,283.8,8.39
1,7350,286.0,8.4
1,7375,288.19,8.4
1,7400,290.39,8.4
1,7425,292.59,9.3
1,7450,294.79,9.28
1,7475,296.98,9.3
1,7500,299.18,9.3
1,7525,301.38,9.28
1,7550,303.57,9.3
1,7575,305.77,10.19
1,7600,307.97,10.19
1,7625,310.17,10.19
1,7650,312.36,10.17
1,7675,314.56,10.19
1,7700,316.76,10.17
1,7725,318.96,10.17
1,7750,321.15,10.17
1,7775,323.35,10.17
1,7800,325.55,8.09
1,7825,327.74,7.2
1,7850,329.94,7.2
1,7875,332.14,7.22
1,7900,334.34,7.22
1,7925,336.53,7.2
1,7950,338.73,7.2
1,7975,340.93,7.2
1,8000,343.13,7.19
1,8025,345.32,8.11
1,8050,347.52,8.09
1,8075,349.72,8.09
1,8100,351.91,8.09
1,8125,354.11,8.11
1,8150,356.31,8.09
1,8175,358.51,8.09
2,8200,0.7,8.11
2,8225,2.9,8.09
2,8250,5.1,8.11
2,8275,7.29,8.09
2,8300,9.49,8.08
2,8325,11.69,8.09
2,8350,13.89,8.09
2,8375,16.08,8.08
2,8400,18.28,8.09
2,8425,20.48,8.11
2,8450,22.68,8.09
2,8475,24.87,8.11
2,8500,27.07,8.09
2,8525,29.27,8.09
2,8550,31.46,8.11
2,8575,33.66,8.11
2,8600,35.86,7.2
2,8625,38.06,7.2
2,8650,40.25,7.22
2,8675,42.45,7.2
2,8700,44.65,7.2
2,8725,46.85,7.2
2,8750,49.04,7.22
2,8775,51.24,7.2
2,8800,53.44,7.2
2,8825,55.63,11.06
2,8850,57.83,9.28
2,8875,60.03,10.19
2,8900,62.23,9.3
2,8925,64.42,9.3
2,8950,66.62,8.39
2,8975,68.82,9.28
2,9000,71.02,8.39
2,9025,73.21,8.39
2,9050,75.41,8.4
2,9075,77.61,8.4
2,9100,79.8,7.51
2,9125,82.0,7.49
2,9150,84.2,7.51
2,9175,86.4,7.51
2,9200,88.59,7.51
2,9225,90.79,7.51
2,9250,92.99,7.51
2,9275,95.19,7.51
2,9300,97.38,7.51
2,9325,99.58,6.6
2,9350,101.78,6.6
2,9375,103.97,6.62
2,9400,106.17,6.62
2,9425,108.37,6.62
2,9450,110.57,7.51
2,9475,112.76,9.3
2,9500,114.96,9.3
2,9525,117.16,9.3
2,9550,119.36,9.3
2,9575,121.55,8.68
2,9600,123.75,8.7
2,9625,125.95,8.71
2,9650,128.14,8.7
2,9675,130.34,8.68
2,9700,132.54,8.7
2,9725,134.74,8.7
2,9750,136.93,7.8
2,9775,139.13,8.68
2,9800,141.33,8.68
2,9825,143.53,8.7
2,9850,145.72,8.7
2,9875,147.92,7.8
2,9900,150.12,7.8
2,9925,152.31,7.8
2,9950,154.51,7.8
2,9975,156.71,7.8
2,10000,158.91,7.8
2,10025,161.1,7.79
2,10050,163.3,7.8
2,10075,165.5,7.79
2,10100,167.7,7.8
2,10125,169.89,7.79
2,10150,172.09,7.79
2,10175,174.29,7.82
2,10200,176.48,7.79
2,10225,178.68,7.8
2,10250,180.88,7.8
2,10275,183.08,7.8
2,10300,185.27,7.82
2,10325,187.47,7.8
2,10350,189.67,7.8
2,10375,191.87,7.79
2,10400,194.06,7.8
2,10425,196.26,7.79
2,10450,198.46,7.8
2,10475,200.65,7.8
2,10500,202.85,7.8
2,10525,205.05,7.79
2,10550,207.25,7.8
2,10575,209.44,7.8
2,10600,211.64,7.8
2,10625,213.84,8.7
2,10650,216.04,8.7
2,10675,218.23,8.7
2,10700,220.43,8.71
2,10725,222.63,9.28
2,10750,224.82,9.3
2,10775,227.02,9.3
2,10800,229.22,9.3
2,10825,231.42,9.3
2,10850,233.61,7.51
2,10875,235.81,7.51
2,10900,238.01,7.51
2,10925,240.21,6.6
2,10950,242.4,7.49
2,10975,244.6,6.62
2,11000,246.8,7.49
2,11025,248.99,7.51
2,11050,251.19,7.51
2,11075,253.39,7.51
2,11100,255.59,7.51
2,11125,257.78,7.51
2,11150,259.98,7.51
2,11175,262.18,7.51
2,11200,264.38,7.49
2,11225,266.57,7.51
2,11250,268.77,7.51
2,11275,270.97,7.51
2,11300,273.16,7.48
2,11325,275.36,7.49
2,11350,277.56,7.51
2,11375,279.76,8.4
2,11400,281.95,8.39
2,11425,284.15,8.39
2,11450,286.35,8.4
2,11475,288.54,8.39
2,11500,290.74,9.28
2,11525,292.94,9.28
2,11550,295.14,9.28
2,11575,297.33,9.3
2,11600,299.53,9.28
2,11625,301.73,10.17
2,11650,303.93,10.19
2,11675,306.12,10.17
2,11700,308.32,11.08
2,11725,310.52,8.09
2,11750,312.71,7.2
2,11775,314.91,7.2
2,11800,317.11,7.19
2,11825,319.31,7.2
2,11850,321.5,7.2
2,11875,323.7,7.2
2,11900,325.9,7.2
2,11925,328.1,7.2
2,11950,330.29,7.2
2,11975,332.49,7.2
2,12000,334.69,7.2
2,12025,336.88,7.19
2,12050,339.08,8.09
2,12075,341.28,8.11
2,12100,343.48,8.09
2,12125,345.67,8.11
2,12150,347.87,8.11
2,12175,350.07,8.09
2,12200,352.27,8.09
2,12225,354.46,8.11
2,12250,356.66,8.11
2,12275,358.86,8.09
3,12300,1.05,8.09
3,12325,3.25,8.11
3,12350,5.45,8.11
3,12375,7.65,8.11
3,12400,9.84,8.11
3,12425,12.04,8.11
3,12450,14.24,8.11
3,12475,16.44,8.11
3,12500,18.63,8.09
3,12525,20.83,8.09
3,12550,23.03,8.09
3,12575,25.22,8.09
3,12600,27.42,8.09
3,12625,29.62,8.09
3,12650,31.82,7.22
3,12675,34.01,8.08
3,12700,36.21,8.09
3,12725,38.41,7.19
3,12750,40.61,7.2
3,12775,42.8,7.2
3,12800,45.0,7.2
3,12825,47.2,7.22
3,12850,49.39,7.2
3,12875,51.59,8.09
3,12900,53.79,8.09
3,12925,55.99,8.09
3,12950,58.18,9.9
3,12975,60.38,11.06
3,13000,62.58,9.3
3,13025,64.78,9.28
3,13050,66.97,9.28
3,13075,69.17,9.28
3,13100,71.37,8.4
3,13125,73.56,8.39
3,13150,75.76,8.4
3,13175,77.96,8.39
3,13200,80.16,7.51
3,13225,82.35,7.49
3,13250,84.55,7.49
3,13275,86.75,7.49
3,13300,88.95,7.49
3,13325,91.14,7.51
3,13350,93.34,7.51
3,13375,95.54,7.51
3,13400,97.73,7.48
3,13425,99.93,6.6
3,13450,102.13,6.62
3,13475,104.33,6.62
3,13500,106.52,6.6
3,13525,108.72,7.51
3,13550,110.92,9.3
3,13575,113.12,9.28
3,13600,115.31,8.7
3,13625,117.51,8.71
3,13650,119.71,8.68
3,13675,121.9,8.68
3,13700,124.1,8.7
3,13725,126.3,8.68
3,13750,128.5,7.8
3,13775,130.69,7.79
3,13800,132.89,7.8
3,13825,135.09,7.8
3,13850,137.29,7.82
3,13875,139.48,7.79
3,13900,141.68,7.79
3,13925,143.88,7.79
3,13950,146.07,7.8
3,13975,148.27,7.79
3,14000,150.47,6.91
3,14025,152.67,6.91
3,14050,154.86,6.91
3,14075,157.06,6.91
3,14100,159.26,6.91
3,14125,161.46,6.89
3,14150,163.65,6.89
3,14175,165.85,6.89
3,14200,168.05,6.91
3,14225,170.24,6.91
3,14250,172.44,6.91
3,14275,174.64,6.91
3,14300,176.84,6.91
3,14325,179.03,6.91
3,14350,181.23,6.91
3,14375,183.43,6.91
3,14400,185.63,6.91
3,14425,187.82,6.91
3,14450,190.02,6.89
3,14475,192.22,6.91
3,14500,194.41,6.89
3,14525,196.61,6.91
3,14550,198.81,6.91
3,14575,201.01,6.93
3,14600,203.2,6.91
3,14625,205.4,6.91
3,14650,207.6,6.91
3,14675,209.79,6.91
3,14700,211.99,6.89
3,14725,214.19,6.91
3,14750,216.39,6.91
3,14775,218.58,7.8
3,14800,220.78,7.79
3,14825,222.98,7.8
3,14850,225.18,7.79
3,14875,227.37,7.79
3,14900,229.57,7.79
3,14925,231.77,7.8
3,14950,233.96,7.79
3,14975,236.16,8.68
3,15000,238.36,8.68
3,15025,240.56,8.7
3,15050,242.75,8.68
3,15075,244.95,9.3
3,15100,247.15,9.3
3,15125,249.35,7.49
3,15150,251.54,7.49
3,15175,253.74,6.59
3,15200,255.94,7.51
3,15225,258.13,6.62
3,15250,260.33,7.51
3,15275,262.53,7.51
3,15300,264.73,7.51
3,15325,266.92,7.49
3,15350,269.12,7.49
3,15375,271.32,7.48
3,15400,273.52,7.51
3,15425,275.71,7.51
3,15450,277.91,8.39
3,15475,280.11,8.39
3,15500,282.3,8.4
3,15525,284.5,9.3
3,15550,286.7,9.28
3,15575,288.9,9.28
3,15600,291.09,10.19
3,15625,293.29,10.19
3,15650,295.49,8.09
3,15675,297.69,8.09
3,15700,299.88,7.22
3,15725,302.08,7.22
3,15750,304.28,7.22
3,15775,306.47,7.22
3,15800,308.67,8.09
3,15825,310.87,8.09
3,15850,313.07,8.09
3,15875,315.26,8.11
3,15900,317.46,8.11
3,15925,319.66,8.11
3,15950,321.86,8.09
3,15975,324.05,8.09
3,16000,326.25,8.99
3,16025,328.45,8.99
3,16050,330.64,8.99
3,16075,332.84,8.99
3,16100,335.04,8.99
3,16125,337.24,9.88
3,16150,339.43,9.88
3,16175,341.63,9.88
3,16200,343.83,9.88
3,16225,346.03,9.88
3,16250,348.22,9.9
3,16275,350.42,7.79
3,16300,352.62,10.75
3,16325,354.81,9.88
3,16350,357.01,7.8
3,16375,359.21,7.8
4,16400,1.41,7.79
4,16425,3.6,7.8
4,16450,5.8,7.82
4,16475,8.0,7.79
4,16500,10.2,7.8
4,16525,12.39,7.8
4,16550,14.59,9.59
4,16575,16.79,7.79
4,16600,18.98,9.59
4,16625,21.18,9.88
4,16650,23.38,9.88
4,16675,25.58,9.88
4,16700,27.77,8.99
4,16725,29.97,9.0
4,16750,32.17,8.99
4,16775,34.37,8.99
4,16800,36.56,8.99
4,16825,38.76,8.11
4,16850,40.96,8.09
4,16875,43.15,8.09
4,16900,45.35,8.11
4,16925,47.55,8.09
4,16950,49.75,8.11
4,16975,51.94,7.2
4,17000,54.14,7.22
4,17025,56.34,7.2
4,17050,58.54,7.2
4,17075,60.73,7.2
4,17100,62.93,8.11
4,17125,65.13,9.9
4,17150,67.32,9.28
4,17175,69.52,9.28
4,17200,71.72,9.3
4,17225,73.92,8.39
4,17250,76.11,8.39
4,17275,78.31,8.4
4,17300,80.51,8.39
4,17325,82.71,7.48
4,17350,84.9,7.51
4,17375,87.1,7.49
4,17400,89.3,7.51
4,17425,91.49,7.51
4,17450,93.69,7.51
4,17475,95.89,7.49
4,17500,98.09,7.48
4,17525,100.28,6.62
4,17550,102.48,6.62
4,17575,104.68,6.62
4,17600,106.88,7.49
4,17625,109.07,9.28
4,17650,111.27,9.28
4,17675,113.47,9.28
4,17700,115.66,8.71
4,17725,117.86,8.7
4,17750,120.06,7.8
4,17775,122.26,7.8
4,17800,124.45,7.8
4,17825,126.65,7.8
4,17850,128.85,6.91
4,17875,131.04,6.89
4,17900,133.24,6.91
4,17925,135.44,6.91
4,17950,137.64,6.91
4,17975,139.83,6.89
4,18000,142.03,6.93
4,18025,144.23,6.91
4,18050,146.43,6.91
4,18075,148.62,6.93
4,18100,150.82,6.91
4,18125,153.02,6.93
4,18150,155.21,6.89
4,18175,157.41,6.91
4,18200,159.61,6.91
4,18225,161.81,6.91
4,18250,164.0,6.89
4,18275,166.2,6.89
4,18300,168.4,6.91
4,18325,170.6,6.91
4,18350,172.79,6.91
4,18375,174.99,6.91
4,18400,177.19,6.91
4,18425,179.38,6.91
4,18450,181.58,6.91
4,18475,183.78,6.91
4,18500,185.98,6.91
4,18525,188.17,6.91
4,18550,190.37,6.89
4,18575,192.57,6.91
4,18600,194.77,6.91
4,18625,196.96,6.91
4,18650,199.16,6.91
4,18675,201.36,6.91
4,18700,203.55,6.91
4,18725,205.75,6.91
4,18750,207.95,6.93
4,18775,210.15,6.89
4,18800,212.34,6.91
4,18825,214.54,6.89
4,18850,216.74,6.91
4,18875,218.94,6.93
4,18900,221.13,6.91
4,18925,223.33,6.91
4,18950,225.53,6.91
4,18975,227.72,6.91
4,19000,229.92,6.91
4,19025,232.12,7.8
4,19050,234.32,7.8
4,19075,236.51,7.79
4,19100,238.71,7.8
4,19125,240.91,7.8
4,19150,243.11,7.8
4,19175,245.3,8.71
4,19200,247.5,8.68
4,19225,249.7,8.7
4,19250,251.89,9.3
4,19275,254.09,9.28
4,19300,256.29,7.51
4,19325,258.49,7.49
4,19350,260.68,7.49
4,19375,262.88,7.49
4,19400,265.08,7.49
4,19425,267.28,7.51
4,19450,269.47,7.51
4,19475,271.67,7.51
4,19500,273.87,7.51
4,19525,276.06,8.37
4,19550,278.26,8.4
4,19575,280.46,8.39
4,19600,282.66,9.28
4,19625,284.85,9.28
4,19650,287.05,10.19
4,19675,289.25,10.17
4,19700,291.45,8.11
4,19725,293.64,7.2
4,19750,295.84,8.09
4,19775,298.04,8.09
4,19800,300.23,8.11
4,19825,302.43,8.11
4,19850,304.63,8.11
4,19875,306.83,8.08
4,19900,309.02,8.09
4,19925,311.22,8.99
4,19950,313.42,9.0
4,19975,315.62,8.99
4,20000,317.81,9.88
4,20025,320.01,7.8
4,20050,322.21,7.79
4,20075,324.4,7.79
4,20100,326.6,7.8
4,20125,328.8,7.8
4,20150,331.0,7.79
4,20175,333.19,7.8
4,20200,335.39,7.8
4,20225,337.59,7.79
4,20250,339.79,7.8
4,20275,341.98,7.79
4,20300,344.18,7.79
4,20325,346.38,7.79
4,20350,348.57,7.79
4,20375,350.77,7.79
4,20400,352.97,7.8
4,20425,355.17,7.79
4,20450,357.36,7.79
4,20475,359.56,7.8
5,20500,1.76,7.8
5,20525,3.96,7.8
5,20550,6.15,7.82
5,20575,8.35,7.8
5,20600,10.55,7.79
5,20625,12.74,7.79
5,20650,14.94,7.8
5,20675,17.14,7.8
5,20700,19.34,7.8
5,20725,21.53,7.8
5,20750,23.73,7.79
5,20775,25.93,7.8
5,20800,28.13,7.8
5,20825,30.32,7.8
5,20850,32.52,7.8
5,20875,34.72,7.8
5,20900,36.91,7.8
5,20925,39.11,7.8
5,20950,41.31,7.79
5,20975,43.51,7.79
5,21000,45.7,7.8
5,21025,47.9,7.8
5,21050,50.1,9.59
5,21075,52.29,9.88
5,21100,54.49,8.99
5,21125,56.69,8.97
5,21150,58.89,8.99
5,21175,61.08,8.09
5,21200,63.28,8.09
5,21225,65.48,8.11
5,21250,67.68,7.2
5,21275,69.87,7.22
5,21300,72.07,7.2
5,21325,74.27,7.22
5,21350,76.46,8.09
5,21375,78.66,9.88
5,21400,80.86,9.31
5,21425,83.06,9.3
5,21450,85.25,8.39
5,21475,87.45,8.39
5,21500,89.65,7.49
5,21525,91.85,7.51
5,21550,94.04,7.51
5,21575,96.24,7.51
5,21600,98.44,7.49
5,21625,100.63,6.6
5,21650,102.83,6.6
5,21675,105.03,6.62
5,21700,107.23,6.6
5,21725,109.42,6.62
5,21750,111.62,9.28
5,21775,113.82,9.28
5,21800,116.02,8.7
5,21825,118.21,8.7
5,21850,120.41,7.8
5,21875,122.61,7.8
5,21900,124.8,7.79
5,21925,127.0,6.89
5,21950,129.2,6.91
5,21975,131.4,6.89
5,22000,133.59,6.91
5,22025,135.79,6.91
5,22050,137.99,6.91
5,22075,140.19,6.91
5,22100,142.38,6.91
5,22125,144.58,6.91
5,22150,146.78,8.7
5,22175,148.97,8.11
5,22200,151.17,8.09
5,22225,153.37,8.11
5,22250,155.57,8.09
5,22275,157.76,8.11
5,22300,159.96,7.2
5,22325,162.16,7.2
5,22350,164.36,7.2
5,22375,166.55,7.22
5,22400,168.75,7.19
5,22425,170.95,7.2
5,22450,173.14,7.2
5,22475,175.34,7.2
5,22500,177.54,7.2
5,22525,179.74,7.2
5,22550,181.93,7.2
5,22575,184.13,7.2
5,22600,186.33,7.19
5,22625,188.53,7.22
5,22650,190.72,7.2
5,22675,192.92,7.22
5,22700,195.12,7.2
5,22725,197.31,7.2
5,22750,199.51,7.2
5,22775,201.71,7.2
5,22800,203.91,7.2
5,22825,206.1,7.22
5,22850,208.3,7.2
5,22875,210.5,7.2
5,22900,212.7,7.2
5,22925,214.89,7.2
5,22950,217.09,7.2
5,22975,219.29,8.09
5,23000,221.48,8.09
5,23025,223.68,8.08
5,23050,225.88,8.7
5,23075,228.08,8.71
5,23100,230.27,8.7
5,23125,232.47,6.91
5,23150,234.67,6.89
5,23175,236.87,6.89
5,23200,239.06,6.91
5,23225,241.26,6.91
5,23250,243.46,6.89
5,23275,245.65,6.91
5,23300,247.85,6.89
5,23325,250.05,7.8
5,23350,252.25,7.8
5,23375,254.44,7.8
5,23400,256.64,7.79
5,23425,258.84,8.7
5,23450,261.04,8.68
5,23475,263.23,9.3
5,23500,265.43,7.51
5,23525,267.63,7.51
5,23550,269.82,7.51
5,23575,272.02,7.51
5,23600,274.22,7.51
5,23625,276.42,7.49
5,23650,278.61,7.51
5,23675,280.81,8.4
5,23700,283.01,8.4
5,23725,285.21,9.3
5,23750,287.4,9.28
5,23775,289.6,10.17
5,23800,291.8,8.08
5,23825,293.99,7.22
5,23850,296.19,7.22
5,23875,298.39,8.11
5,23900,300.59,8.08
5,23925,302.78,8.08
5,23950,304.98,8.11
5,23975,307.18,8.99
5,24000,309.38,8.99
5,24025,311.57,9.9
5,24050,313.77,9.88
5,24075,315.97,7.8
5,24100,318.16,7.82
5,24125,320.36,7.79
5,24150,322.56,7.8
5,24175,324.76,7.8
5,24200,326.95,7.8
5,24225,329.15,7.79
5,24250,331.35,7.8
5,24275,333.54,7.8
5,24300,335.74,7.8
5,24325,337.94,8.71
5,24350,340.14,8.71
5,24375,342.33,8.68
5,24400,344.53,8.7
5,24425,346.73,9.59
5,24450,348.93,9.59
5,24475,351.12,9.59
5,24500,353.32,9.59
5,24525,355.52,9.59
5,24550,357.71,9.59
5,24575,359.91,10.48
6,24600,2.11,11.37
6,24625,4.31,7.49
6,24650,6.5,10.17
6,24675,8.7,7.51
6,24700,10.9,7.49
6,24725,13.1,7.51
6,24750,15.29,10.19
6,24775,17.49,7.51
6,24800,19.69,10.17
6,24825,21.88,11.39
6,24850,24.08,11.35
6,24875,26.28,10.46
6,24900,28.48,9.59
6,24925,30.67,9.59
6,24950,32.87,9.6
6,24975,35.07,9.57
6,25000,37.27,8.7
6,25025,39.46,8.7
6,25050,41.66,8.7
6,25075,43.86,8.7
6,25100,46.05,8.71
6,25125,48.25,7.79
6,25150,50.45,7.79
6,25175,52.65,7.8
6,25200,54.84,7.8
6,25225,57.04,7.8
6,25250,59.24,7.82
6,25275,61.44,6.91
6,25300,63.63,7.82
6,25325,65.83,7.79
6,25350,68.03,9.59
6,25375,70.22,9.0
6,25400,72.42,8.09
6,25425,74.62,8.09
6,25450,76.82,8.09
6,25475,79.01,7.2
6,25500,81.21,7.22
6,25525,83.41,7.2
6,25550,85.61,8.09
6,25575,87.8,9.88
6,25600,90.0,9.28
6,25625,92.2,9.3
6,25650,94.39,8.4
6,25675,96.59,8.4
6,25700,98.79,7.48
6,25725,100.99,7.51
6,25750,103.18,7.51
6,25775,105.38,6.62
6,25800,107.58,6.62
6,25825,109.78,6.6
6,25850,111.97,7.48
6,25875,114.17,9.3
6,25900,116.37,8.71
6,25925,118.56,8.7
6,25950,120.76,7.8
6,25975,122.96,7.8
6,26000,125.16,7.8
6,26025,127.35,6.91
6,26050,129.55,6.91
6,26075,131.75,6.91
6,26100,133.95,6.91
6,26125,136.14,6.88
6,26150,138.34,6.91
6,26175,140.54,6.81
6,26200,142.73,6.93
6,26225,144.93,8.7
6,26250,147.13,8.11
6,26275,149.33,7.2
6,26300,151.52,7.22
6,26325,153.72,7.2
6,26350,155.92,7.2
6,26375,158.12,7.2
6,26400,160.31,7.2
6,26425,162.51,7.22
6,26450,164.71,7.2
6,26475,166.9,7.2
6,26500,169.1,7.22
6,26525,171.3,7.2
6,26550,173.5,7.19
6,26575,175.69,7.2
6,26600,177.89,8.99
6,26625,180.09,8.99
6,26650,182.29,9.0
6,26675,184.48,8.97
6,26700,186.68,9.0
6,26725,188.88,8.99
6,26750,191.07,8.99
6,26775,193.27,8.99
6,26800,195.47,9.0
6,26825,197.67,8.97
6,26850,199.86,8.99
6,26875,202.06,8.99
6,26900,204.26,8.99
6,26925,206.46,9.0
6,26950,208.65,8.99
6,26975,210.85,7.22
6,27000,213.05,7.2
6,27025,215.24,7.2
6,27050,217.44,7.22
6,27075,219.64,7.2
6,27100,221.84,7.22
6,27125,224.03,7.2
6,27150,226.23,7.22
6,27175,228.43,7.2
6,27200,230.63,7.22
6,27225,232.82,7.22
6,27250,235.02,8.09
6,27275,237.22,8.08
6,27300,239.41,8.11
6,27325,241.61,8.99
6,27350,243.81,8.7
6,27375,246.01,6.91
6,27400,248.2,6.91
6,27425,250.4,6.91
6,27450,252.6,6.89
6,27475,254.79,6.89
6,27500,256.99,6.91
6,27525,259.19,6.91
6,27550,261.39,7.8
6,27575,263.58,7.79
6,27600,265.78,8.71
6,27625,267.98,8.59
6,27650,270.18,9.28
6,27675,272.37,7.49
6,27700,274.57,7.49
6,27725,276.77,7.51
6,27750,278.96,7.51
6,27775,281.16,7.51
6,27800,283.36,7.51
6,27825,285.56,8.4
6,27850,287.75,8.4
6,27875,289.95,9.28
6,27900,292.15,10.19
6,27925,294.35,8.09
6,27950,296.54,7.2
6,27975,298.74,8.11
6,28000,300.94,8.11
6,28025,303.13,8.11
6,28050,305.33,8.97
6,28075,307.53,8.97
6,28100,309.73,8.99
6,28125,311.92,9.88
6,28150,314.12,7.79
6,28175,316.32,7.8
6,28200,318.52,7.79
6,28225,320.71,7.8
6,28250,322.91,7.8
6,28275,325.11,7.8
6,28300,327.3,7.8
6,28325,329.5,7.8
6,28350,331.7,7.82
6,28375,333.9,8.7
6,28400,336.09,8.7
6,28425,338.29,9.59
6,28450,340.49,9.59
6,28475,342.69,9.59
6,28500,344.88,10.48
6,28525,347.08,7.51
6,28550,349.28,7.51
6,28575,351.47,7.49
6,28600,353.67,7.51
6,28625,355.87,7.51
6,28650,358.07,7.51
7,28675,0.26,7.51
7,28700,2.46,7.51
7,28725,4.66,7.51
7,28750,6.86,7.51
7,28775,9.05,8.39
7,28800,11.25,8.4
7,28825,13.45,8.4
7,28850,15.64,8.4
7,28875,17.84,7.49
7,28900,20.04,7.49
7,28925,22.24,7.49
7,28950,24.43,7.49
7,28975,26.63,7.49
7,29000,28.83,7.49
7,29025,31.03,7.51
7,29050,33.22,7.49
7,29075,35.42,7.49
7,29100,37.62,7.48
7,29125,39.81,7.49
7,29150,42.01,7.51
7,29175,44.21,7.48
7,29200,46.41,10.17
7,29225,48.6,10.48
7,29250,50.8,9.59
7,29275,53.0,9.59
7,29300,55.2,8.7
7,29325,57.39,8.68
7,29350,59.59,7.8
7,29375,61.79,7.8
7,29400,63.98,7.8
7,29425,66.18,7.8
7,29450,68.38,7.8
7,29475,70.58,7.8
7,29500,72.77,7.79
7,29525,74.97,7.79
7,29550,77.17,8.99
7,29575,79.37,8.99
7,29600,81.56,8.09
7,29625,83.76,8.11
7,29650,85.96,7.2
7,29675,88.15,7.2
7,29700,90.35,7.22
7,29725,92.55,7.2
7,29750,94.75,9.88
7,29775,96.94,9.28
7,29800,99.14,8.4
7,29825,101.34,8.4
7,29850,103.54,7.51
7,29875,105.73,7.51
7,29900,107.93,7.51
7,29925,110.13,6.62
7,29950,112.32,6.62
7,29975,114.52,7.49
7,30000,116.72,9.31
7,30025,118.92,8.68
7,30050,121.11,7.8
7,30075,123.31,7.8
7,30100,125.51,7.79
7,30125,127.71,6.89
7,30150,129.9,6.91
7,30175,132.1,6.91
7,30200,134.3,6.91
7,30225,136.49,6.89
7,30250,138.69,6.91
7,30275,140.89,6.91
7,30300,143.09,8.7
7,30325,145.28,8.99
7,30350,147.48,8.08
7,30375,149.68,7.2
7,30400,151.88,7.2
7,30425,154.07,7.2
7,30450,156.27,7.2
7,30475,158.47,7.2
7,30500,160.66,7.22
7,30525,162.86,7.19
7,30550,165.06,7.19
7,30575,167.26,7.19
7,30600,169.45,8.99
7,30625,171.65,8.99
7,30650,173.85,9.0
7,30675,176.04,8.99
7,30700,178.24,8.99
7,30725,180.44,8.99
7,30750,182.64,8.39
7,30775,184.83,8.39
7,30800,187.03,8.4
7,30825,189.23,8.39
7,30850,191.43,8.4
7,30875,193.62,8.4
7,30900,195.82,8.37
7,30925,198.02,8.39
7,30950,200.21,8.39
7,30975,202.41,9.0
7,31000,204.61,8.99
7,31025,206.81,8.99
7,31050,209.0,8.97
7,31075,211.2,7.2
7,31100,213.4,7.22
7,31125,215.6,7.19
7,31150,217.79,7.22
7,31175,219.99,7.2
7,31200,222.19,7.2
7,31225,224.38,7.19
7,31250,226.58,7.22
7,31275,228.78,7.22
7,31300,230.98,7.22
7,31325,233.17,8.08
7,31350,235.37,8.11
7,31375,237.57,8.09
7,31400,239.77,8.71
7,31425,241.96,8.7
7,31450,244.16,6.89
7,31475,246.36,6.89
7,31500,248.55,6.91
7,31525,250.75,6.93
7,31550,252.95,6.91
7,31575,255.15,6.89
7,31600,257.34,7.8
7,31625,259.54,7.79
7,31650,261.74,7.8
7,31675,263.94,8.7
7,31700,266.13,9.3
7,31725,268.33,7.49
7,31750,270.53,7.49
7,31775,272.72,7.51
7,31800,274.92,7.49
7,31825,277.12,7.49
7,31850,279.32,7.49
7,31875,281.51,8.39
7,31900,283.71,8.4
7,31925,285.91,9.26
7,31950,288.11,10.19
7,31975,290.3,8.09
7,32000,292.5,7.19
7,32025,294.7,8.11
7,32050,296.89,8.09
7,32075,299.09,8.09
7,32100,301.29,8.11
7,32125,303.49,8.97
7,32150,305.68,9.0
7,32175,307.88,9.88
7,32200,310.08,7.79
7,32225,312.28,7.82
7,32250,314.47,7.8
7,32275,316.67,7.8
7,32300,318.87,7.8
7,32325,321.06,7.8
7,32350,323.26,7.8
7,32375,325.46,7.8
7,32400,327.66,7.8
7,32425,329.85,7.82
7,32450,332.05,8.7
7,32475,334.25,8.7
7,32500,336.45,8.68
7,32525,338.64,9.59
7,32550,340.84,9.57
7,32575,343.04,9.59
7,32600,345.23,10.46
7,32625,347.43,10.48
7,32650,349.63,11.37
7,32675,351.83,10.48
7,32700,354.02,10.19
7,32725,356.22,7.49
7,32750,358.42,7.49
